,baseMean,log2FoldChange,lfcSE,stat,pvalue,padj
35kd_ag,2911.84484649698,-1.53265829049417,0.481800307535116,-3.18110691613135,0.00146713473390638,0.012017747124694
P55,2073.95233928885,1.65171050507179,0.479015374975623,3.4481367224504,0.000564468226774126,0.00587545933283124
PE23,564.367451042657,1.80676838645526,0.537645245498333,3.36052146202949,0.000777954862257848,0.00747789265558054
PE3,127.542681914115,-1.82318793391949,0.657288416156816,-2.77380201613733,0.00554053855517045,0.0328767705132004
PE_PGRS11,313.309123819236,-2.00240961735846,0.612870351591308,-3.26726462156186,0.00108592125125755,0.00962765005820807
PE_PGRS15,475.269545977239,-1.50677419529777,0.516662645093002,-2.91635985223306,0.00354141785205192,0.0233696365438382
PE_PGRS44,494.853533712018,1.96339554586421,0.522912112141847,3.7547333486351,0.000173526115721129,0.00231860426963551
PPE1,275.336456641261,-2.70768323068306,0.569152958829204,-4.75739111723673,1.96110973496198e-06,5.64081029109676e-05
PPE17,1241.59529930745,-3.12569149364836,0.485048334320146,-6.44408252226944,1.16301795471334e-10,1.09556291333997e-08
PPE18,2971.35779481644,1.57662553837704,0.546399509850532,2.88548124577991,0.00390815745819154,0.0252588976028571
PPE20,13810.5328518532,2.52764696407832,0.558682915322461,4.52429615217321,6.0596824859354e-06,0.000149234533379115
PPE26,127.098381098449,-11.1985914614231,1.59508215189423,-7.02069887003895,2.20761192022911e-12,2.6833166823946e-10
PPE29,104.546402531673,-1.8426165370397,0.705031930420314,-2.61352210805716,0.00896142856832172,0.0466390370793318
PPE30,121.674850914688,-1.73646438437896,0.66575123906427,-2.60827811123507,0.00909989872953277,0.0471642619159277
PPE37,150.122701489663,-2.39918423226602,0.669350102151305,-3.58434879527917,0.000337920258186536,0.0039666153671242
PPE38,712.704986851479,-1.43769294374949,0.529503100946705,-2.71517379441032,0.00662409982546528,0.0375897712987247
PPE39,4568.85956292339,4.69880774180318,0.572513445927538,8.20733167967885,2.26158181235153e-16,8.52164026894057e-14
PPE51,935.289723768227,1.61905434059937,0.49490333252899,3.27145572515321,0.00106995340435055,0.00953093245293823
PPE54,2075.76507464307,2.26803992727728,0.558529688752759,4.06073297973112,4.89188942071144e-05,0.000781044039713589
PPE57,308.417127328694,-7.15811718341215,0.67414276323303,-10.6181028319335,2.45499755271849e-26,4.68595807577585e-23
PPE58,291.701202521031,-12.3971361500613,1.55447597927192,-7.97512236623165,1.52229920994553e-15,4.41232571005752e-13
PPE67,847.019016719129,-1.50340348868788,0.489891963777739,-3.06884701086864,0.00214886604451155,0.0159075191664431
PPE68,6603.92319911492,1.33993690726258,0.46042294633491,2.91023051289871,0.00361162275875182,0.0237497287172371
RV1984a,493.114800770203,1.71605795595711,0.53669999471971,3.19742495405337,0.00138660486212209,0.011610504712169
Rv0007,630.630709526923,2.64072586098292,0.591642077853228,4.46338413008889,8.06752334100903e-06,0.000186493422999522
Rv0011c,1025.75329645896,1.7147740532018,0.51115306381329,3.35471735297699,0.000794461134227904,0.007578555832331
Rv0057,579.774220599059,2.31062428410264,0.585973297476314,3.94322453609081,8.03933212684207e-05,0.00117411641294345
Rv0059,382.575996212489,1.97904592641608,0.571806404105046,3.46104190545672,0.000538089044458064,0.00563199866532774
Rv0061c,450.564883747397,1.95828708102295,0.544577253133764,3.59597664014427,0.00032317680141244,0.00385357654342428
Rv0078B,722.285107481128,1.92758397751419,0.528677532308053,3.64604860187442,0.00026630363039353,0.00334477359774274
Rv0088,1636.64193918534,2.06144721741501,0.480220277541465,4.29271172797782,1.76504103919936e-05,0.000350035507142274
Rv0097,560.102412911465,-1.45542731598236,0.563332050468854,-2.58360466934383,0.00977737943710245,0.0497181723603266
Rv0123,108.797954618296,-2.16220276288675,0.688635192337769,-3.13983773548739,0.00169041437594224,0.0131379709578156
Rv0140,1168.61871656632,-2.12685678431197,0.522626150335287,-4.06955676241516,4.71026630985993e-05,0.000766984581000299
Rv0141c,729.237298022775,1.54782158279631,0.549972699678979,2.81436075590621,0.00488743461321517,0.0300421755670387
Rv0175,527.487570461384,2.29120576517387,0.56309912946824,4.06892080855739,4.72313957844813e-05,0.000766984581000299
Rv0176,574.262063738455,2.63995736305242,0.609380596050456,4.33219794027349,1.47628124701689e-05,0.000299066007460195
Rv0177,1361.21535161254,3.25800709808763,0.588454279887666,5.53655094276751,3.08486141390951e-08,1.70937614817809e-06
Rv0178,781.07069709822,2.68433290383517,0.552685993705786,4.85688606985784,1.19246158482964e-06,3.71338450548603e-05
Rv0181c,301.262468175781,2.10455396859644,0.594743425323404,3.538591397546,0.000402267995389898,0.00449776203747519
Rv0188,4605.08622071376,-3.27930702920716,0.467480716468419,-7.01484984018309,2.30196046999856e-12,2.7105584534233e-10
Rv0190,691.49871184019,1.36766780821666,0.512763027498609,2.66725121522216,0.00764744850013834,0.0416410201568226
Rv0192,532.733213514367,1.47475802866979,0.515258379403392,2.86217184934941,0.0042074870542738,0.0267280026451667
Rv0194,308.426015495512,-2.16476614338574,0.589479052429306,-3.67233769285694,0.000240341797735895,0.00309081192446707
Rv0208c,1209.54330378563,-2.39695498942977,0.48835146343941,-4.90825802496476,9.18889109362669e-07,2.98480531386081e-05
Rv0227c,991.453620702543,2.12159929029463,0.499036437530735,4.25139154325573,2.12446384343816e-05,0.000398257699605721
Rv0232,740.240035817024,-1.99837789268651,0.504218962132216,-3.96331364500032,7.3916567236494e-05,0.00109652608404374
Rv0236A,282.358344841539,2.44358434377031,0.576764950790074,4.23670741507956,2.26821391112245e-05,0.000421016257000463
Rv0238,1519.96114643325,1.63297580653396,0.496193640764516,3.29100510844503,0.000998301003814308,0.00906409200571641
Rv0247c,1274.56673352753,2.68026742932719,0.55658267312429,4.81557827569789,1.4677421335087e-06,4.49630273094372e-05
Rv0250c,949.763931504448,-1.49665598375205,0.486247399083734,-3.07797221449882,0.00208414346550991,0.0155981063089941
Rv0318c,88.8179791469143,-2.14221811077093,0.758863005805559,-2.82293127268326,0.00475867714599691,0.029350413523567
Rv0331,175.891915608486,-1.98289451419392,0.607078859488671,-3.26628819831424,0.00108967288392439,0.0096382333958383
Rv0338c,3931.29117399015,2.24625951712459,0.521937373261075,4.30369548570533,1.67972500256562e-05,0.000334878508448002
Rv0373c,193.003873765078,-1.84250621540387,0.628847050063431,-2.92997512704881,0.00338989136733043,0.0226072755258426
Rv0424c,369.432269339544,2.30888132081764,0.576127318327341,4.00758868286436,6.13418309851711e-05,0.000943412323069897
Rv0430,202.451516612768,2.11977971861,0.615667319249878,3.44306032224142,0.00057517100549954,0.00591181033454435
Rv0431,197.059260359001,1.801619073699,0.637312547625127,2.82690036531139,0.00470009492073785,0.0291762070203299
Rv0433,696.377924101434,1.58948035618269,0.502562243437362,3.16275322497599,0.00156284749378601,0.0125293816097568
Rv0455c,2875.39254069092,2.20472796037172,0.474805571615113,4.6434332117714,3.42666797385535e-06,8.96644786492149e-05
Rv0460,84.5315478869328,3.11125326313941,0.852956286328981,3.64761162207955,0.000264689332334177,0.00333561673657251
Rv0485,2685.54653827322,1.21684818794339,0.467806153549118,2.60118037933339,0.00929035909745875,0.047953524766061
Rv0513,714.591648704684,2.84896046755098,0.582842627639989,4.88804410049214,1.01842719952011e-06,3.22473419142166e-05
Rv0519c,283.901674794011,1.79655405128076,0.583846288497311,3.07710109094756,0.00209024400255491,0.0155981063089941
Rv0556,280.394973128677,2.00760324828867,0.637177931564537,3.15077335362066,0.00162838798630264,0.0128488233402192
Rv0559c,2008.39213127541,2.47831387522807,0.482821299122234,5.13298373483859,2.85184561023584e-07,1.14316534674135e-05
Rv0569,7946.94118575426,1.45893042268665,0.463620423358008,3.14682086720771,0.00165056049025424,0.0129518806658353
Rv0572c,969.798536007283,-1.44362723228707,0.528314256979244,-2.73251613640211,0.00628525925768424,0.0359375673489442
Rv0588,781.705294909156,-2.43076151446641,0.578546375162545,-4.20149813190598,2.65154435786043e-05,0.00047768498541838
Rv0615,151.383725177994,-2.45780640414583,0.631509612468778,-3.89195406628484,9.94400744245607e-05,0.00142467756818154
Rv0634A,482.126514403078,1.89676727864909,0.523802621134309,3.62114888723082,0.000293297655912652,0.00359982269537092
Rv0634c,715.00454610346,1.98488485879275,0.552129194492937,3.5949645093765,0.000324435801579986,0.00385638517461637
Rv0678,3013.98290855287,-2.5105978491524,0.502550920171848,-4.99570839168675,5.86201835438707e-07,2.04347604967379e-05
Rv0760c,166.4775072718,2.04138254134389,0.668433915711398,3.05397810219025,0.00225828564029512,0.0165549032930584
Rv0765c,181.121700710859,-1.94117402360837,0.602919016365092,-3.21962646876096,0.00128357728393743,0.0108685824851151
Rv0767c,83.0625474484794,-3.01727895640789,0.847500181422806,-3.56021039587555,0.000370557779557742,0.00421831333345489
Rv0789c,247.55218527189,-2.27574149265907,0.589849093138681,-3.85817579298035,0.00011423647314602,0.00162431332382718
Rv0790c,647.155101437926,-3.14544659719482,0.504801239922871,-6.2310595704468,4.63290881538658e-10,3.87928898141703e-08
Rv0791c,762.342874877823,-3.56474227823722,0.543667414683498,-6.55684372827912,5.4958552277049e-11,5.59686013459245e-09
Rv0792c,1023.74596327522,-3.37689055770541,0.501776345319898,-6.72987196228338,1.69812448121526e-11,1.82815229863403e-09
Rv0793,62.6618402553782,-2.91547273535331,0.991780903748697,-2.93963386906676,0.00328600286697588,0.0223092951401173
Rv0822c,1871.0047996714,1.37189746592455,0.47231303679962,2.90463603380608,0.00367680387256612,0.0240942556379637
Rv0823c,3547.55218597034,1.63446774004398,0.467675720173964,3.49487405383371,0.000474285504570708,0.00515981798552307
Rv0831c,4132.86555714142,2.07314045908394,0.479854283400674,4.32035418000612,1.55778968547981e-05,0.000312220826323826
Rv0837c,174.405891289248,-2.18737022624829,0.623342377580347,-3.50909918035589,0.000449627202654309,0.00493934489679719
Rv0849,114.912295399463,-1.94294048405294,0.718098869098895,-2.70567266940697,0.00681662000207859,0.0384603964002717
Rv0851c,123.579116134617,-1.94747957814895,0.70988253836089,-2.74338284562635,0.00608097425356033,0.0351428082629069
Rv0856,603.058942485333,1.49860561983706,0.560153137550225,2.67534986305899,0.00746513011578405,0.0408620215171476
Rv0859,3036.29660727235,2.06766619813065,0.517418751969432,3.99611763249895,6.43897479668937e-05,0.000982269515543545
Rv0863,235.222824853105,2.20454849721763,0.616990252303673,3.57306860033275,0.000352822282752761,0.00409056726588431
Rv0874c,147.084358297374,-2.29207683440635,0.656204248224299,-3.49293202628412,0.000477748102025161,0.00515981798552307
Rv0875c,276.003750173961,1.82142483388766,0.5700508455805,3.19519714427027,0.00139735353843771,0.0116745634874352
Rv0881,88.4114319803159,-1.91134197151092,0.729044757148712,-2.62170731326038,0.00874905323348225,0.0459782881224005
Rv0883c,254.733777839926,1.91188958154529,0.60583620585663,3.15578627203692,0.00160066103905772,0.01269745430562
Rv0885,4246.94814491803,-1.65706142659318,0.463186817586262,-3.57752285617363,0.000346865896864532,0.00403687220404437
Rv0891c,489.953593074149,1.89446008017195,0.556920991402395,3.40166757837853,0.000669760517538515,0.00667634293673314
Rv0906,540.692738341321,1.69988557124467,0.515512190917559,3.29746919897093,0.000975603744274679,0.00890090776858835
Rv0909,172.1163303618,2.21015076789941,0.678654026607155,3.25666787678072,0.00112728248187925,0.00985748967537022
Rv0913c,1346.98677095768,1.75715134389377,0.529172334197911,3.32056540060274,0.000898353082548333,0.00833742466759143
Rv0950c,470.919103930298,2.25298931572227,0.558594341125195,4.0333192620319,5.49944819250416e-05,0.000859830738147538
Rv0954,1125.19368726147,1.40701849255054,0.495273595695551,2.84089138766737,0.00449876313645937,0.0281583712594334
Rv0961,229.835363700008,-1.63528772678154,0.600812510910991,-2.72179373279363,0.00649286547361614,0.036900629117022
Rv0990c,84.6359192756571,-2.57050437004124,0.835695941072993,-3.0758847132138,0.0020987897820223,0.0155981063089941
Rv0991c,2524.55247114413,-2.68252718939623,0.487703098226121,-5.5003283742776,3.79084585226124e-08,1.98387599601671e-06
Rv0997a,391.024228519035,2.7180476687251,0.609157107767185,4.4619813740463,8.12052859214537e-06,0.000186574095946364
Rv1021,362.01462225166,1.42595221726135,0.551599487722316,2.58512244663141,0.00973444200771922,0.0495667263311974
Rv1025,482.368150234834,3.76961145274028,0.565425992951772,6.66685207211868,2.61348271952629e-11,2.73544524643752e-09
Rv1043c,652.134709325824,1.40721722988761,0.509141421069657,2.76390246727752,0.00571146083790179,0.033417367138531
Rv1072,30056.7992626075,-1.37597984250562,0.459874560781846,-2.99207644833903,0.00277086865819851,0.0196252501956616
Rv1073,2699.9106563622,-1.27587569461962,0.479469118266671,-2.66101745870942,0.00779049175115751,0.0419950971650379
Rv1078,495.356380024778,2.39447753414207,0.547653578092644,4.37224849782139,1.22973440712343e-05,0.000256002168289563
Rv1097c,568.726286276068,2.20999997235381,0.519239361236399,4.25622581287254,2.07906726762673e-05,0.000397661191087183
Rv1109c,2712.69222819809,1.92069782432573,0.499527454196667,3.84502955381016,0.000120537910092565,0.00170746934296536
Rv1179c,735.221612189113,1.78291615408564,0.50494653477384,3.53090086039344,0.000414146943725806,0.00461688072177171
Rv1184c,3521.14624692956,2.02201250323586,0.472671847815911,4.27783569632724,1.88719229994733e-05,0.00036875828533225
Rv1186c,129.193409122361,-1.8501528625437,0.693844458132308,-2.66652394619386,0.00766401463527751,0.0416710059822881
Rv1192,1172.8508335411,-3.27677761234191,0.521297870340275,-6.28580663527938,3.26155703178246e-10,2.8580341618038e-08
Rv1211,2529.26788028846,1.38657771149916,0.480757686385223,2.88415089506883,0.00392470645006894,0.025322421068253
Rv1217c,129.953678176745,-1.7993768073526,0.650311586804063,-2.76694563631502,0.0056584190095061,0.0333347611636945
Rv1219c,248.861570763805,-1.80675648137224,0.565721045570671,-3.19372329440152,0.00140450670152425,0.0116825193186388
Rv1233c,431.756501217191,2.16481952261825,0.534775917310008,4.04808715678068,5.16379189070162e-05,0.000814107441178398
Rv1260,518.812989336973,1.90784397109092,0.555169707705205,3.4365058911031,0.000589269538311192,0.00603360766401242
Rv1286,1979.89041774301,-1.96609122133855,0.483399643677269,-4.06721694369136,4.75779460993915e-05,0.000766984581000299
Rv1289,295.083107094074,1.75696521546526,0.574861632403919,3.05632715148877,0.00224066628997137,0.016489903477758
Rv1312,919.238845377739,2.4816443441993,0.52130940027552,4.76040589885338,1.93204000883144e-06,5.64081029109676e-05
Rv1322A,9037.62911977108,2.3216561422935,0.459330758857552,5.05443212222043,4.31673245544289e-07,1.61044038535731e-05
Rv1324,2723.20492598587,1.94792662668848,0.481115626128202,4.0487702350566,5.14874605675628e-05,0.000814107441178398
Rv1337,668.606113254115,1.67224252016237,0.574321772011374,2.91168226881925,0.00359488102161348,0.0236809644920273
Rv1339,1188.36014358463,1.34923059364161,0.484301192864046,2.78593283172105,0.00533739301134093,0.0319658578519582
Rv1360,1244.75064287358,1.68381435687431,0.491575763593488,3.42534046952475,0.000614029417903242,0.00620284945485098
Rv1375,1245.65281336126,-1.75505929454058,0.485523389415024,-3.61477805766502,0.000300605031692063,0.00365380567553449
Rv1404,3764.64095671203,1.91710853838425,0.471191315257766,4.06864149721326,4.72880406319897e-05,0.000766984581000299
Rv1435c,380.328679860437,1.40758270860363,0.544968743931958,2.58286869527213,0.00979826060690398,0.0497572048070272
Rv1455,139.312792208411,-2.1761754705591,0.642169801292482,-3.38878512533469,0.000702029997405277,0.00690665543139186
Rv1456c,77.8753244510676,-2.14019465156658,0.80308210996384,-2.66497612761284,0.00769937881652843,0.0417321263505991
Rv1476,595.504975604934,1.76752547158364,0.510187124118094,3.46446507178905,0.000531287128153401,0.00560753473076195
Rv1478,446.475367018624,1.75729398671564,0.52768163113869,3.33021633313927,0.00086778533968355,0.00815415251852273
Rv1502,3283.76535434438,3.0616671113577,0.519187354755443,5.89703713565957,3.7008659403422e-09,2.49015408271597e-07
Rv1505c,291.461626522761,1.94329559134968,0.654803557604109,2.96775356331309,0.00299984738650634,0.0208935766217299
Rv1506c,354.841150431456,1.66128021749641,0.55301848323633,3.00402295376168,0.00266435223024533,0.0189778434849989
Rv1507c,990.814677268583,1.80035074923515,0.533838669814334,3.37246222695202,0.000744993045802935,0.00723488091903469
Rv1508A,159.969735178773,2.0123796159204,0.694083900285728,2.89933193248248,0.00373958769669619,0.02442073906612
Rv1513,318.305102387543,1.82802519916268,0.57429462053989,3.18307909178074,0.0014571780429185,0.0119883119338797
Rv1545,62.4040323577906,4.61758732710254,1.14216338633567,4.04284306636448,5.28069664556772e-05,0.000829069373354131
Rv1546,249.182424806448,1.53159970871718,0.58019901647391,2.63978335920887,0.00829590393294232,0.044026712703277
Rv1565c,1889.52569302712,2.25349168855629,0.508710044584193,4.42981559445762,9.43137000239119e-06,0.000207821065315848
Rv1566c,376.284309763475,2.73180109015333,0.584578169769994,4.67311513057044,2.96665354624477e-06,7.9279082001775e-05
Rv1585c,113.278523053943,-2.24075400693019,0.69111511470307,-3.24222978091415,0.0011859835759255,0.0101794672302672
Rv1586c,366.22212964384,-2.37424006362742,0.534773294117421,-4.43971322005864,9.00788308783636e-06,0.000200838482100399
Rv1615,684.73605354852,1.56612770917329,0.522062999905655,2.99988259933439,0.00270083685043758,0.0192014212310355
Rv1626,1206.493996667,1.58177238001688,0.502071988864049,3.15048920294415,0.00162997281226772,0.0128488233402192
Rv1632c,393.703067004109,2.82717993831436,0.576924670821216,4.90043168771072,9.56263040017378e-07,3.07965738015853e-05
Rv1685c,908.684767815905,4.32432949765206,0.575572137631453,7.5130973424933,5.77445572280211e-14,1.14516574544833e-11
Rv1686c,669.215236614428,2.74860931872293,0.538241015270928,5.1066515570899,3.27917618660653e-07,1.28707665324306e-05
Rv1687c,920.777913883904,3.79013974941915,0.522812678897817,7.24951766167845,4.18258421403807e-13,6.30399092739818e-11
Rv1697,1988.01103348981,4.23834414444464,0.557208509474797,7.60638804392908,2.81862170260006e-14,6.27271274144878e-12
Rv1700,189.755645161273,2.2607152846316,0.622416892395789,3.63215605529233,0.000281063057135119,0.0034837026292274
Rv1735a,558.899295286853,3.29175114075366,0.562523118264856,5.85176152565482,4.86393706102637e-09,3.10632455016057e-07
Rv1738,76560.6367294988,1.58256507139046,0.533943876964766,2.96391650820428,0.00303750688298412,0.0210739609368836
Rv1747,1990.81192118542,1.71252698689777,0.492065723248749,3.48028099903243,0.000500888137476557,0.00534659065725684
Rv1751,1215.60112290286,1.66937232814211,0.491640645392727,3.3955132550292,0.00068500056987871,0.0067744938249422
Rv1760,229.736933569991,-10.8293451583624,1.32594858086324,-8.16724367344025,3.15515194421875e-16,1.07062978928488e-13
Rv1765c,139.183145202892,-11.3296302870673,1.58888556034795,-7.13055148199987,9.99675755215091e-13,1.39510305394462e-10
Rv1770,338.492519563025,1.5119498150256,0.550012994096749,2.74893471836712,0.00597892928329458,0.0347458119930366
Rv1771,706.893508175922,2.10674207080395,0.570551775322219,3.69246431599334,0.000222091510832228,0.00289564295091985
Rv1772,3382.75254546964,-2.09153296811758,0.463796542538763,-4.50959154776962,6.49525609418425e-06,0.000155886146260422
Rv1773c,128.625208860934,-2.34375302597798,0.803456923371527,-2.91708610356227,0.00353318223339719,0.0233561941323519
Rv1813c,9609.9267220629,1.52389104298448,0.58609716568636,2.60006553896212,0.00932059577171157,0.0480437823089045
Rv1815,2481.26734037721,3.87578691984878,0.515637276391327,7.51649870423132,5.62626384787859e-14,1.14516574544833e-11
Rv1816,372.990627699806,1.74183331600729,0.576583707790178,3.02095479368132,0.00251978977310263,0.0181222910757465
Rv1825,287.860036499369,1.52662168143918,0.564378599517081,2.70496025672386,0.0068312561968232,0.0384755954404033
Rv1830,598.697695911233,1.668022289802,0.525640361593459,3.17331470655231,0.00150709066515256,0.0122847919084041
Rv1831,907.309485520733,1.30999893003744,0.504398272782513,2.59715189509042,0.00940003456397934,0.0481240899960247
Rv1836c,1929.21643933499,2.19002771193402,0.481709691253364,4.54636423493116,5.45805490385854e-06,0.000136198350183702
Rv1863c,1833.57841891515,1.33347588585144,0.492859853765299,2.70558836485483,0.00681835052955985,0.0384603964002717
Rv1866,283.279516560584,-1.62576534895268,0.57892712820843,-2.80823832523419,0.00498133470288892,0.0303225673028844
Rv1869c,1045.83591841574,1.54915217479501,0.492221431175445,3.1472668126123,0.00164804501239474,0.0129518806658353
Rv1870c,2110.98495797806,1.6911358065601,0.477018656287667,3.54521942542275,0.000392286375483659,0.00439921149649532
Rv1871c,1880.16877269008,1.2508910165401,0.481289760851507,2.59903932784067,0.00934850622389643,0.0480561684197023
Rv1882c,433.168211509944,1.5583313258144,0.53049900116754,2.93748211096491,0.00330889261438092,0.0223613511567995
Rv1883c,1517.81357400876,2.28771980251294,0.513856242877274,4.45206190296169,8.5049637774402e-06,0.00019189642822392
Rv1887,1342.32348514054,1.55526172508306,0.494310485664126,3.14632557914183,0.00165335843956124,0.0129518806658353
Rv1929c,429.520667499688,1.60687765948072,0.547482593460082,2.93502967706293,0.00333515788242074,0.0223613511567995
Rv1945,247.971585685844,-1.61838265357257,0.570283938651113,-2.83785417032876,0.00454179279015075,0.0283335682670332
Rv1954c,84.5289493738317,-2.50077968791982,0.761587734165442,-3.28363965927078,0.00102475856278555,0.00925968888387514
Rv1957,687.166667399033,-1.57637929684546,0.505905826620386,-3.11595402523071,0.00183350855540196,0.0141281395434654
Rv1987,1233.90157117784,2.04371159718954,0.496247116010805,4.11833445727278,3.81620561682232e-05,0.000648690797006649
Rv1990c,321.914614763439,-1.83691876389892,0.596015731323292,-3.08199711410391,0.00205616830879688,0.0154952843750933
Rv2003c,835.236171222206,1.4518582120164,0.501556879811915,2.89470301466276,0.00379517409374223,0.0246555448021047
Rv2004c,6111.17533505458,2.22655842920207,0.57190664843603,3.89322004787135,9.89223459466429e-05,0.00142266946384332
Rv2005c,8554.55115492119,2.04433306112187,0.490909598822377,4.16437785292024,3.12202711384876e-05,0.000542110514515305
Rv2016,574.340064099553,-1.72023893948745,0.581273345111483,-2.95943200209451,0.00308206710645433,0.021269649921465
Rv2017,255.843857341707,-1.80710476221263,0.566909936450419,-3.18763995129,0.00143439024285618,0.0118266574071818
Rv2023c,122.174550203476,2.54530000164521,0.72366574043969,3.5172315883003,0.00043607313453116,0.00481854419622701
Rv2025c,314.881208037916,-3.16564838885278,0.578325278944506,-5.47381984517496,4.40436830851789e-08,2.21275463819939e-06
Rv2035,154.418591222154,-2.11318702913981,0.626827641126154,-3.37124097677517,0.000748303707332902,0.00724835056357423
Rv2036,286.190720447575,-2.03220985960763,0.58167883261149,-3.49369745927298,0.000476380544053297,0.00515981798552307
Rv2050,857.827680589867,-1.57374395212998,0.493095980095444,-3.19155705107425,0.00141508161527809,0.0117078250936383
Rv2052c,234.145104970521,-2.32166215742674,0.65921853889669,-3.52183990655424,0.000428562867287928,0.0047494849527674
Rv2074,780.998132423595,3.91855063446007,0.523337917056566,7.4876107897921,7.01386525016785e-14,1.32141221313162e-11
Rv2077c,1031.86155699215,-5.53425847146458,0.521269532882896,-10.6168845910813,2.48723889372391e-26,4.68595807577585e-23
Rv2084,292.597468703487,2.08575244342753,0.566259995431703,3.68338300472277,0.000230158943979635,0.00298020240864352
Rv2104a,80.3857893096794,-1.95907637049295,0.7542521586701,-2.59737588812102,0.00939390616378592,0.0481240899960247
Rv2128,506.921770307682,2.15044585284144,0.527485177822391,4.07678915589457,4.56618624603938e-05,0.000754622358555981
Rv2136c,915.712105928137,1.63611072773,0.531795858936074,3.07657666045624,0.00209392451835792,0.0155981063089941
Rv2147c,1077.95783957494,3.00284090863608,0.503671501357119,5.96190354337117,2.49316312200661e-09,1.80658435456171e-07
Rv2148c,348.193148497183,2.36034602696426,0.562026649281716,4.19970481823388,2.6726317448449e-05,0.00047768498541838
Rv2165c,494.507136419945,1.75856908956761,0.529410507352419,3.32174950278605,0.000894549642477394,0.00832262482186375
Rv2166c,1112.1574426713,2.20669811517386,0.495036295258101,4.45764913868252,8.28633842990823e-06,0.000189229837599359
Rv2190c,888.551011486022,2.99253301713055,0.502475137655056,5.95558425257828,2.59144350686587e-09,1.84236964790012e-07
Rv2199c,1114.45387136672,1.6158708961585,0.485544981222077,3.32795303967818,0.00087486612406485,0.0081857112662632
Rv2239c,1239.14020224904,2.60259683615093,0.498460290956388,5.22127215220567,1.77698167807828e-07,7.27789887282497e-06
Rv2248,736.313708824484,2.84602120793944,0.517254579301317,5.50216725347063,3.75150804743392e-08,1.98387599601671e-06
Rv2258c,427.229580283491,1.50768468833032,0.542343973887521,2.77994180985038,0.00543686399112133,0.032408679572995
Rv2271,94.6456782839471,2.28231850450016,0.777614770909947,2.93502462900678,0.00333521214175195,0.0223613511567995
Rv2319c,165.061315232966,-1.94686976466376,0.615339278961858,-3.16389645716804,0.00155672167823609,0.0125068812016921
Rv2323c,1047.58895035054,-3.58511931819014,0.487754824508788,-7.35024880953391,1.97838239822101e-13,3.54978327452228e-11
Rv2324,143.764823263281,-1.78707860582783,0.67381101292216,-2.65219560315242,0.00799701988975595,0.0428022314553983
Rv2327,1120.06042904477,2.21987207803299,0.591100634102101,3.75548925168223,0.000173003186081177,0.00231860426963551
Rv2336,1182.78952031548,2.22959422283631,0.564422559566408,3.95022166468522,7.80788485114889e-05,0.00115372980859329
Rv2375,557.594894960963,1.48807734455294,0.536183202481836,2.77531511182196,0.0055148245799425,0.0327758028662829
Rv2466c,766.82187963274,-1.9323871373272,0.494916322436714,-3.9044724324571,9.44311549959923e-05,0.00136328196178122
Rv2475c,127.609351683011,1.99736189763868,0.683932195284183,2.92040923268534,0.00349572011459965,0.0231899179433301
Rv2477c,2409.63263939165,1.53160213656486,0.517475592681245,2.9597572488956,0.00307881535815477,0.021269649921465
Rv2478c,82.7640388840894,-2.41054714044028,0.751989786321072,-3.20555835237244,0.00134800711724558,0.0113466682048844
Rv2515c,118.934124296537,-2.23430172236182,0.713981977666322,-3.12935311009491,0.00175191639802197,0.0135548685580016
Rv2516c,1855.320671542,-2.14293774148083,0.483177339767587,-4.43509569904832,9.20313969433735e-06,0.000203984884519195
Rv2553c,1167.07823202755,1.55347400547657,0.550133838690219,2.82381103691993,0.00474563546456957,0.029350413523567
Rv2558,1376.86513209738,-1.56942513700635,0.482020364390778,-3.25593118662099,0.00113021139949633,0.00985795498449581
Rv2576c,1746.71628548749,1.24050954653835,0.473674253406248,2.61890853813078,0.00882115949575624,0.0461797602831357
Rv2577,216.486369806084,-1.84624894699008,0.595502437627192,-3.1003213930518,0.00193310760630077,0.0148047753263034
Rv2613c,344.371317052859,2.74960914928262,0.587698959626373,4.67860135575307,2.88838383850121e-06,7.82980597372126e-05
Rv2617c,311.167928337374,2.67482056993426,0.607003610582348,4.40659746219317,1.05007071378843e-05,0.000227708674978588
Rv2619c,260.45598977424,1.72763018183467,0.573268012165467,3.01365180887854,0.00258123864459431,0.0184906981232535
Rv2621c,642.363791914555,3.80952606248078,0.54748846628054,6.95818505248424,3.44684276238158e-12,3.81991280254523e-10
Rv2622,569.816068800542,3.91074448171731,0.545852852734478,7.16446650800894,7.80900561132961e-13,1.13170512090346e-10
Rv2624c,2052.05746556273,-1.64566862142757,0.477540951483078,-3.4461308843078,0.000568674857485437,0.00589279415193794
Rv2627c,20135.1578026566,1.50818694531122,0.492486567988985,3.06239203938037,0.00219575666083483,0.0162227668588738
Rv2640c,961.152192785685,2.44379833241366,0.499021211876491,4.89718327448275,9.72201556309125e-07,3.10445378319728e-05
Rv2647,76.4472837628302,-2.19374682177591,0.800866822432581,-2.73921551040478,0.00615859888906951,0.0354825697461987
Rv2655c,94.5586877202379,-1.98683474797303,0.737202635819029,-2.69509989714791,0.00703675307370113,0.0393389993793855
Rv2659c,298.026053071333,-1.46077181520218,0.555011512763941,-2.6319666918756,0.00848921850805382,0.0448002455719143
Rv2662,119.556378368097,-3.19269618421139,0.707115385249609,-4.51509930459848,6.32871027100071e-06,0.000153362500868329
Rv2664,112.745913722027,-2.17665078291958,0.681483537119334,-3.19398879703007,0.00140321562653672,0.0116825193186388
Rv2680,176.280589102032,1.97262528826455,0.640727068520112,3.07872943907416,0.00207885384335075,0.0155981063089941
Rv2693c,478.118944104436,-1.53890367319053,0.516575960700248,-2.97904623959747,0.00289147140389926,0.0203266124065157
Rv2694c,1868.44653681508,-2.91475390298266,0.477187275220218,-6.1081970420052,1.00762907604635e-09,8.25379643161445e-08
Rv2699c,692.295437213513,-2.26331806990018,0.501354402099609,-4.51440749382411,6.34940290219197e-06,0.000153362500868329
Rv2708c,933.774968478887,1.44737620705623,0.492956457813826,2.93611369546731,0.00332352485065149,0.0223613511567995
Rv2709,1159.39692935959,1.44314299914891,0.48483216363646,2.97658263495699,0.00291480518359307,0.0204244912083392
Rv2735c,542.847913586047,1.77934296599732,0.655843385597573,2.71306077803327,0.00666648782440296,0.0377734227403765
Rv2743c,179.982900179857,-1.77588134274936,0.625431328680316,-2.83945057005144,0.00451912960163537,0.0282389392022588
Rv2771c,277.148173693454,2.01627299796301,0.578087496107676,3.48783360916607,0.000486951014925202,0.00521258927340386
Rv2851c,633.505114356245,1.43341863467858,0.533700562415231,2.68581061296193,0.0072354087615877,0.0400355812427731
Rv2901c,1647.23938720706,2.38046451486683,0.515014263231262,4.62213318118901,3.79814032059763e-06,9.86992601931852e-05
Rv2912c,236.675352053956,-2.91920216348988,0.577476395747567,-5.05510213921532,4.30160491151674e-07,1.61044038535731e-05
Rv2913c,1534.70498914089,-3.90593677741739,0.478793300064636,-8.15787684767122,3.4096490104614e-16,1.07062978928488e-13
Rv2927c,1087.48472895487,2.2125269146219,0.490940009605317,4.50671542618951,6.58388381169678e-06,0.000157013127863756
Rv2949c,1718.45555190604,1.96013567113794,0.5831579810605,3.36124298183031,0.000775925332666835,0.00747745947183794
Rv2951c,905.33294089864,1.34889725692815,0.515176806616751,2.61831906949883,0.00883641379090786,0.0461797602831357
Rv2952,784.489800611798,2.32236720470836,0.503500016529325,4.61244712704612,3.97955792588852e-06,0.000102006627651347
Rv2954c,1989.97383766031,1.9057078364555,0.480096070739583,3.96943018825332,7.20447103798708e-05,0.00107298208976819
Rv2956,1175.38494827601,2.97816950097771,0.595699147937627,4.99945234316424,5.74933799467585e-07,2.02462668821856e-05
Rv2957,631.32310559988,2.03792722003507,0.569678015760725,3.57733169203257,0.000347119584424198,0.00403687220404437
Rv2971,1025.2295907814,1.62041538404242,0.489094584623886,3.31309205823352,0.00092270603586813,0.00850062675587069
Rv3005c,1987.77354625742,1.98100110119191,0.484013629878616,4.09286222309219,4.26080911108387e-05,0.000708035395881353
Rv3007c,285.051110299604,-1.58408633370512,0.55707968163725,-2.8435543171302,0.00446134043672818,0.028017217942653
Rv3030,345.335451410739,1.5166685427458,0.555514108174371,2.7302070648217,0.0063294556337124,0.0360262671115231
Rv3038c,639.549655223738,1.53331111541219,0.505679509704962,3.03217964340061,0.00242794662164347,0.0176271731606023
Rv3054c,133.534437678093,-2.22289916939652,0.65397613375153,-3.39905243429125,0.000676197514017925,0.0067227235694447
Rv3098c,97.9902855142551,-2.04262542200232,0.762870743677346,-2.67755113029508,0.00741625322268348,0.0407235105928321
Rv3099c,572.043145339406,1.51719412238568,0.512978211193672,2.95761903581685,0.00310025020836333,0.0213560197168428
Rv3127,37497.9320521148,1.81670400132282,0.486548273650603,3.73386177632893,0.000188566008191448,0.00248432419183698
Rv3131,40270.8729611625,1.18967471989714,0.45995754477547,2.58648810832723,0.00969595160340145,0.0494375448465719
Rv3160c,450.341843916752,-1.93316062913598,0.562850180537825,-3.43459182564136,0.000593446971926209,0.00604466477622798
Rv3161c,2747.37327189058,-2.02886093882009,0.581322439238953,-3.49007848634951,0.000482878706848286,0.00519853419258383
Rv3168,222.691432466876,-1.71810834329992,0.581516464320632,-2.95453086664904,0.00313144826656138,0.0214532673970969
Rv3173c,1275.35040819135,1.64445518606325,0.480979804262866,3.41896930284523,0.000628588174124245,0.00633294181844961
Rv3175,74.6307194711033,-2.08858225553904,0.797555911367917,-2.61872832458459,0.00882582057110258,0.0461797602831357
Rv3180c,70.4495515900981,-2.08860334486203,0.803592599362138,-2.59908235406832,0.00934733451896387,0.0480561684197023
Rv3188,79.5745732938349,-2.34961057464284,0.835995810281869,-2.81055305032047,0.00494564349691669,0.0301795019963892
Rv3189,286.890403833889,-2.22620272680871,0.554411011626035,-4.01543742841519,5.9335640017562e-05,0.00091885549508515
Rv3190A,70.9468206363203,-2.33285185550977,0.793831117501449,-2.93872563581574,0.00329564672589483,0.0223345267323232
Rv3191c,171.37093090824,-1.65283606040027,0.633466323654135,-2.60919325729256,0.0090755971440854,0.047103099227154
Rv3192,67.1851390665209,-3.00588097670051,0.895063499626752,-3.35828796275793,0.000784268648841633,0.00750031540313521
Rv3196,69.5359115209398,-3.11968290093853,0.832626035563181,-3.746799604733,0.000179105054981075,0.00238469203946533
Rv3201c,285.293048914042,-1.99704515924051,0.560338361440289,-3.56399864201216,0.000365247843651587,0.0041958959599975
Rv3202a,129.519739787407,-3.14714510747679,0.739824639844914,-4.25390685573343,2.1007271273672e-05,0.000397765819895457
Rv3202c,223.685181345513,-2.34925332708897,0.650488766359168,-3.61152021154479,0.000304407354710602,0.00368315564551137
Rv3209,581.949440436758,2.01249437619029,0.513298237444518,3.92071164360431,8.82878573706413e-05,0.00128443492885165
Rv3228,145.779786176981,-2.00066263333184,0.633769364249172,-3.15676766058584,0.00159528401367486,0.0126819453408711
Rv3249c,13145.9050709936,-2.24906161912335,0.467577705025823,-4.8100274990638,1.50909532883642e-06,4.58570257988356e-05
Rv3253c,349.720774022698,-1.69391140532738,0.539068749500253,-3.14229197462796,0.00167630783296755,0.0130772834671257
Rv3259,122.564659282518,-2.09367111140906,0.662767340465652,-3.15898352797238,0.00158320438381954,0.0126656350705564
Rv3289c,812.609607279816,-5.07734103492369,0.512087204207494,-9.91499298011436,3.58281640197993e-23,4.50001740088679e-20
Rv3292,341.044745458851,-2.68010358667332,0.544604931286949,-4.92118861344131,8.60201796945966e-07,2.86835431052425e-05
Rv3294c,125.675795128169,-3.49525386573102,0.710777778733912,-4.91750582292685,8.76538504064328e-07,2.89719042395999e-05
Rv3312c,240.992952966203,-1.88780125704609,0.595579821385535,-3.16968639510717,0.00152603544448459,0.0123128512951133
Rv3334,496.944655320793,-2.04429969921704,0.513971101075705,-3.97746039599983,6.96552195202461e-05,0.00104151137758844
Rv3354,163.724275910928,-2.45356406113707,0.677458900914084,-3.6217164728761,0.000292654769269097,0.00359982269537092
Rv3371,1438.69362774409,-2.35075150697003,0.497987157067971,-4.72050628938041,2.35258333767314e-06,6.47046278565869e-05
Rv3376,1625.0780816081,2.61509967421979,0.507413062987694,5.15378862897586,2.55275670642739e-07,1.03427820105574e-05
Rv3395A,103.235854002526,-1.8582519425927,0.694113034900976,-2.67716041791061,0.00742490758420266,0.0407235105928321
Rv3427c,53.3396484609886,-9.94592488908137,1.69139770508376,-5.88029938741629,4.09525076625799e-09,2.70717629601054e-07
Rv3428c,80.8429046986858,-10.5458386597734,1.63546504703627,-6.44822014318451,1.13171301301216e-10,1.09340888026405e-08
Rv3463,295.665801741241,-1.98310143659376,0.550391852845879,-3.60307193200599,0.000314478455264633,0.00376176133154647
Rv3489,133.169573981429,2.48778270420468,0.707941322119409,3.51410862238815,0.000441232345016275,0.00486129671351264
Rv3492c,527.723919845718,2.6707644484288,0.549172630475396,4.86325118955186,1.15473153386706e-06,3.62585701634255e-05
Rv3493c,211.418880536633,3.14397619580576,0.675362581914103,4.65524191004949,3.23600534758281e-06,8.52676094384057e-05
Rv3548c,204.700652836022,-1.70506520092185,0.616741847335405,-2.76463354690213,0.00569867750293202,0.033417367138531
Rv3549c,490.544080477303,-1.39011115191905,0.530838592908874,-2.61870777763455,0.00882635214080096,0.0461797602831357
Rv3649,148.430497756032,-1.80217886544915,0.630911599426634,-2.85646811231075,0.00428383032248137,0.0270363977590339
Rv3651,724.502157264474,1.48946638521278,0.504089318156413,2.95476680731928,0.00312905462908289,0.0214532673970969
Rv3678A,374.747691903039,2.21744538083316,0.579692765361542,3.82520796072069,0.000130661742465457,0.00184394548917544
Rv3684,619.604484361003,1.42405092154377,0.544817644597979,2.61381204456874,0.00895382784931992,0.0466390370793318
Rv3716c,597.993746162984,1.65091017222351,0.510627969157676,3.23309781668799,0.00122455625573421,0.0104392035556709
Rv3722c,1478.75239075102,1.25586091428899,0.486424268732609,2.58182207388864,0.00982802395147907,0.0497637268369099
Rv3741c,16513.5242887053,-1.39331693877205,0.466247226979361,-2.98836509505659,0.00280474290108069,0.0197907701334682
Rv3747,326.316848429231,1.50777900849594,0.550436230187612,2.73924375941247,0.00615806970688783,0.0354825697461987
Rv3749c,205.662090819983,-1.96228657663652,0.587027024626424,-3.34275339007654,0.000829515830326665,0.00785330564992682
Rv3750c,502.236160285709,-1.82714564517912,0.537904296411996,-3.39678574305281,0.000681823297822054,0.00676081627945658
Rv3821,458.192532378469,1.46697153113025,0.547028078873649,2.68171157530121,0.00732465807187465,0.0404089481915427
Rv3822,6258.16476283885,2.59576723351371,0.489461479253265,5.30331260689579,1.13719934663003e-07,4.81456981809207e-06
Rv3832c,107.135821602129,-1.92128867976834,0.694550587252319,-2.76623289222038,0.00567080199201916,0.0333347611636945
Rv3833,381.273960744702,-2.48417218566455,0.53819956025826,-4.61570831546666,3.91756853456613e-06,0.000101105467385241
Rv3837c,1371.69580519887,-1.79506183241833,0.498194279297925,-3.60313618002198,0.000314400702403235,0.00376176133154647
Rv3857c,138.34126423676,2.02389550483196,0.736784641765557,2.74692955051574,0.00601560545565605,0.0348720020875569
Rv3863,685.373056063981,1.97788863312836,0.518164018784207,3.81710918054321,0.000135024429418472,0.00189840317182389
Rv3888c,786.240458398618,1.68017831360183,0.598848670992285,2.80568095912744,0.00502103792908531,0.0304514334727714
TB11.2,739.613615918039,2.02508899394362,0.508446518601603,3.98289479789004,6.80808973608565e-05,0.0010302362299426
TB16.3,624.704331007715,1.70276877170972,0.595966970680905,2.85715292202229,0.00427459840632305,0.0270246422735323
TB18.5,978.980866017947,2.13295595914406,0.54071744059788,3.94467756909341,7.99074233143283e-05,0.00117156097684198
accD4,5153.32045152331,2.70756174522574,0.506193579203354,5.34886623707652,8.85069238002434e-08,3.83326538941744e-06
accD6,1639.98987835012,1.5513918032114,0.504210073742087,3.07687585790872,0.00209182398735022,0.0155981063089941
accE5,853.341310213661,1.9731403578422,0.518380160621956,3.80635778088964,0.000141028327686127,0.00195365712765193
aceE,1798.0570326452,1.47035892556117,0.514345869104823,2.85869686893804,0.00425385062422376,0.0269386708438238
acg,9118.840620223,1.54934639622859,0.461341718706728,3.35834877576613,0.000784096111012804,0.00750031540313521
acn,7839.98136047761,2.38906054064426,0.505270716020977,4.72827825736308,2.26431732745182e-06,6.36712514167048e-05
acpM,5414.9584985283,2.02178731862368,0.554210365040867,3.64805035444366,0.000264237858172367,0.00333561673657251
add,230.368614378359,-1.81250272099318,0.60939645799629,-2.97425870664351,0.0029369734228793,0.0205315693087369
adhC,1559.33632653757,1.80254958865294,0.478456641273727,3.76742516072986,0.000164939963973786,0.00222757628764597
adk,670.346775150863,3.12710452953188,0.523053344444233,5.97855756539433,2.25122061571921e-09,1.66325476079019e-07
aftB,1145.35968546798,2.21985924091191,0.546258728864665,4.06375060683355,4.82904220740001e-05,0.000774290682446096
ahpC,672.799328289476,1.47846837718541,0.566176452592011,2.61132085309595,0.00901932291502772,0.0468755982673441
ahpD,350.859273162676,1.83772979701155,0.570595306648534,3.2207236470375,0.00127867381757738,0.0108514480734945
ahpE,286.864865500086,2.55150702602562,0.581843701922495,4.38521035390617,1.15873748449291e-05,0.000243917477182642
ald,4817.01972238849,-3.6824727287433,0.482544747523907,-7.63136009176196,2.32289844116368e-14,5.83512088420317e-12
aldA,296.700682164598,-2.51672981914179,0.599343167901006,-4.1991465890164,2.67922838591852e-05,0.00047768498541838
alkB,58928.4512142237,-2.22086079173524,0.491299894978271,-4.52037709438847,6.17295750401932e-06,0.000151037038150291
alr,632.376343234472,1.31361904040221,0.506451642915071,2.5937699260707,0.00949299891348987,0.0485340839973268
amiB2,118.855346794824,-2.09048307880335,0.67954547319969,-3.07629608502895,0.00209589607004113,0.0155981063089941
ansP1,1557.64594141309,1.64740335900422,0.510912513252874,3.22443337415156,0.0012622222379405,0.0107360121728212
aroA,107.355552664806,-2.16356861963315,0.698628123860226,-3.09688165383107,0.00195567933378299,0.0149038072915152
aroG,2598.11342972974,1.57201481467299,0.50900058984949,3.08843417084808,0.00201214266571401,0.0152550373529384
aspC,1146.20443310125,1.32211499490709,0.496181620825169,2.66457873370716,0.00770848193737181,0.0417321263505991
atpA,2823.58857411868,1.66902094541758,0.538994655815991,3.09654451562386,0.00195790462030256,0.0149038072915152
atpC,639.944291139787,4.01400429593645,0.572785781725491,7.00786301616016,2.41985546172597e-12,2.76303496357074e-10
atpD,2776.0993039211,3.03410950082478,0.52468491726843,5.7827267393557,7.34994030623738e-09,4.54009427441024e-07
atpG,1430.0184225842,2.524503008562,0.556265909808616,4.53830257085242,5.67088538676938e-06,0.000140578264061494
atsA,4838.94953299347,-1.51395084063296,0.510881590295546,-2.96340848719395,0.00304252514587704,0.0210739609368836
birA,193.541382365768,-2.1312725004046,0.650103770708924,-3.27835738912957,0.00104413108298648,0.00938970386800251
cadI,711.316694151705,2.34218421114432,0.520509933839297,4.49978772521843,6.80213538181087e-06,0.000160190288241646
carB,875.312462619367,1.41683887010763,0.501779884828467,2.82362628105743,0.0047483716107206,0.029350413523567
cfp29,387.992708634825,1.79653100430812,0.54216271754384,3.31363803923469,0.000920906373674735,0.00850062675587069
clgR,1727.05577913756,-2.98607021591903,0.476438968731958,-6.26747686879276,3.66945110116528e-10,3.14238448845245e-08
clpB,1299.48703662686,-2.68273440490193,0.485871797391093,-5.5214861601496,3.36144294975548e-08,1.83564014995343e-06
clpX,11616.0614685542,1.85422887726909,0.52076218124735,3.56060586586333,0.000370000099249828,0.00421831333345489
cmaA2,1749.00459332546,1.51914430912527,0.494156998413727,3.07421389154016,0.00211058054385674,0.0156548572623075
coaE,699.534523347829,1.36836745828292,0.513762401767904,2.66342467563652,0.0077349727031595,0.0418154621886729
csp,1223.54868357977,1.63141817361891,0.481999834338021,3.38468617081476,0.000712596765880133,0.00697419380217231
cspA,6745.86557274684,5.00571297800603,0.571305593167478,8.76188337357762,1.92014881607295e-18,1.0335886769947e-15
ctaD,1315.88120097688,1.74283713690989,0.510038442365222,3.41707015029644,0.000632989667407437,0.00636028017810992
ctaE,1661.07596143404,1.46720891057619,0.497929188995441,2.94662161408179,0.00321266060783819,0.0219299006708955
ctpB,826.122294329916,-1.35807785423056,0.4916690312648,-2.76217896160137,0.00574169970699802,0.0334902855974745
ctpG,581.472113555922,-1.58227550866656,0.506267309148605,-3.12537562681557,0.00177578144801019,0.013711361672341
ctpJ,248.946065590859,-2.22528711234065,0.642517780276369,-3.46338604261422,0.000533422489863695,0.00561434620616313
cut1,62.0906845366195,-10.1650938469841,1.66840277733714,-6.09270973715839,1.11015249597689e-09,8.71469709341856e-08
cydA,1075.24557396942,-1.42836381047454,0.495392183346785,-2.88329904768533,0.00393533646287142,0.025347603063418
cydB,349.764322454759,-1.7988663309103,0.545130020764055,-3.29988491257372,0.000967244852119358,0.0088460645698683
cydC,155.396470817642,-1.76919935338084,0.635742553052107,-2.78288647643166,0.00538776543449357,0.0321729004075622
cydD,152.403274888192,-1.83162372121824,0.680212639338497,-2.69272226843578,0.00708712785056522,0.039503399025044
cyp123,243.439876699412,-2.15771381019212,0.585185423130466,-3.68723096117016,0.000226707577879678,0.00294563501189871
cyp140,1838.86779202595,1.48128228699738,0.478156853087918,3.09790035933047,0.00194896945103134,0.0148959774675174
cyp144,174.365836884508,-1.62526566068676,0.606401387373356,-2.68018130322334,0.00735822942686242,0.0405348077199088
cysD,1350.87754365206,-2.84957772450624,0.486537814715841,-5.8568473781848,4.71736272585104e-09,3.06465909500116e-07
cysK1,2196.19210829782,2.28552194561438,0.484784431876028,4.71451184348025,2.42290912076793e-06,6.6155953384446e-05
dapB,372.865930600641,2.03641420764124,0.555599000583144,3.66525894665732,0.000247088448422021,0.00316676623691896
deoA,113.690516498902,-1.87686535043705,0.706532693745841,-2.65644515399057,0.00789692952441657,0.0424022681095368
desA1,40856.2986239513,1.8791727831725,0.510450697990992,3.68139918422771,0.000231957507726684,0.00299320509970597
desA2,25175.2563500559,2.63997075976316,0.483734134826285,5.45748288098628,4.82931695434995e-08,2.36322938753125e-06
devS,13521.7226729446,1.51495009257632,0.51445009097907,2.94479507174964,0.00323168631201743,0.0220198806938186
dlaT,1376.74175614585,1.31739570689102,0.478714886037028,2.75194222138544,0.00592429723450682,0.0345019350535111
dnaB,1875.0520487679,2.3479261283965,0.542251723660104,4.32995604430431,1.49139108112634e-05,0.000300511315170269
dnaE1,2159.95300033156,1.32892599666646,0.483487894213738,2.74862310426116,0.00598461570686856,0.0347458119930366
dnaJ2,1035.19253842124,-1.36244208357702,0.487477080009385,-2.79488439446383,0.00519182773866619,0.0313004910708707
dnaK,23795.4358171006,-1.96427191975027,0.634692094338129,-3.09484226646727,0.00196917588553056,0.0149593845497563
dop,951.962080371692,1.46699163508595,0.490076559541341,2.99339278021969,0.00275894429952801,0.0195775934474982
dosT,2557.02531814619,1.39779728551995,0.517628585222704,2.70038658108219,0.00692589473716414,0.0388426941726748
drrA,1341.44146248076,2.08566667716655,0.492865638388548,4.23171451754225,2.31916656532159e-05,0.000428363706771164
drrB,447.596887478371,2.534561409404,0.608028691557843,4.16848981733107,3.06624456591532e-05,0.000539888295531257
drrC,648.152420951264,2.75452924333906,0.583258915642219,4.72265261527308,2.32788281205809e-06,6.47046278565869e-05
eccA2,869.134523027279,1.9947814520964,0.565692378302916,3.52626538487362,0.000421464405669629,0.00468459551788544
eccC4,221.784225003178,-2.19569208337423,0.658447080318781,-3.33465231907658,0.00085406111025609,0.00806541920662894
eccD4,65.0364359715285,-2.28147426165971,0.8559847218192,-2.66532124172842,0.00769148108907415,0.0417321263505991
eccE5,2433.61642926762,1.30036562472577,0.492076724154551,2.64260746524836,0.0082270352753295,0.0437742693464906
echA21,459.082449069398,1.44933665432901,0.561491087776009,2.58122824365679,0.00984494682435419,0.0497637268369099
echA3,1368.3952966053,2.42913214356978,0.482609004332483,5.03333365470381,4.82023092839724e-07,1.76336214933988e-05
echA6,736.708693876194,1.96592672559341,0.542682810257694,3.62260732868963,0.000291648385761471,0.00359982269537092
echA8,140.390264971147,1.81668539681975,0.664756205675012,2.7328596278015,0.00627870850981372,0.0359375673489442
eno,479.689092841646,1.65110300533871,0.522963970605565,3.15720221304504,0.00159290841745881,0.0126819453408711
ephD,947.482794628914,1.36935847928372,0.499000561196664,2.74420228305921,0.0060658147435379,0.0351090475478507
espF,2088.72678542839,1.85788524311623,0.56183886929103,3.3067937173173,0.000943703583968262,0.00866200514911423
espJ,2501.81639790018,1.48560074919523,0.490328451538556,3.02980735573003,0.00244709771484634,0.0176641076427988
esxA,19171.8601823031,2.84249264199774,0.468130368495032,6.07201077583562,1.26318454150946e-09,9.71363133144418e-08
esxB,18656.1299104564,2.24505071212117,0.53117761308704,4.22655371161753,2.37297649010299e-05,0.000436164654376004
esxC,293.362879230865,1.89643892393331,0.598993312865503,3.16604356542981,0.00154527648297049,0.0124414568116085
esxD,550.339792958159,1.38345050636174,0.530691458531546,2.60688293380457,0.00913705928654885,0.0472918123512583
esxK,2418.23432017063,1.44827323020167,0.519812183672411,2.78614714255019,0.00533386537981764,0.0319658578519582
esxL,3911.10975715055,1.95594676116011,0.51692232058451,3.7838311159565,0.000154432634600498,0.00210158796929916
esxO,3614.58890116511,2.54374869008921,0.465922916522899,5.4595912754684,4.77231942303729e-08,2.36322938753125e-06
esxP,2207.87410932147,1.25988867874337,0.47097793430483,2.67504820709485,0.0074718505375039,0.0408620215171476
esxR,64.0493872213622,5.23455566016284,1.28648512510947,4.0688816046104,4.72393425329152e-05,0.000766984581000299
esxS,159.770638155872,5.56453054512825,0.941889578960084,5.90783746781858,3.46627747138557e-09,2.37471518403288e-07
fabG1,778.166439698916,1.59587454326099,0.497079934534876,3.21049881998208,0.00132504812553436,0.0111945769888194
fabG4,632.154064296275,1.37058714747963,0.508964255407873,2.6928947031482,0.0070834636192723,0.039503399025044
fadA2,1405.94873718651,2.27578172522326,0.498842629749223,4.56212358267644,5.0638825002403e-06,0.000128058451415473
fadA3,2155.75369453923,1.61798122863062,0.485819716988013,3.33041490918027,0.00086716663072658,0.00815415251852273
fadB,5034.99343658518,1.42511426086684,0.49763068435413,2.86379900933255,0.00418593528121876,0.0266879934680749
fadD11,193.586073431899,-1.80616339802227,0.595958985879677,-3.0306840584948,0.00244000418982687,0.0176633218269198
fadD17,148.12406053185,-1.79375173576216,0.668169981246276,-2.68457396487109,0.00726223123442352,0.0401232951485452
fadD18,74.9310035764005,-2.7094604525315,0.778864835270108,-3.47872997962717,0.000503795941630554,0.00536243815837268
fadD21,3952.06216081423,2.54932367255726,0.518784725904162,4.91402993431269,8.92231180132252e-07,2.92341485803333e-05
fadD22,2751.55956181455,2.31080173306466,0.608711763573813,3.79621665186441,0.000146921112231475,0.00202043339740218
fadD25,4727.53188026428,1.73373406702131,0.543287282517719,3.19119206874637,0.00141687055273329,0.0117078250936383
fadD28,9060.02902604567,2.0588136390872,0.570144645284166,3.61103740272974,0.000304974671284381,0.00368315564551137
fadD29,13201.3646554863,1.99878138498635,0.577970498964212,3.45827579187587,0.000543644558993525,0.00567438420578283
fadD31,9072.82805364608,1.93215123409034,0.461185358161345,4.18953290666782,2.79529245709544e-05,0.000494491172691813
fadD35,211.756624057538,-2.12924722444276,0.599883868457467,-3.5494323758328,0.000386062609529606,0.004342340037933
fadE20,4924.32400258765,1.64818103856327,0.575461881224443,2.86410115480862,0.00418194439926041,0.0266879934680749
fadE23,5090.97717008157,2.00020060265864,0.475046713874965,4.21053455215586,2.54767153744804e-05,0.000463750065367354
fadE34,154.571953797331,-2.17630589994924,0.633787583634318,-3.43380961720595,0.000595162057319687,0.00604466477622798
fas,9974.98631557394,1.57065422753665,0.463814270354032,3.38638616344807,0.000708196515101984,0.00694917830443822
fba,1559.3986568811,1.50817416531298,0.499245553289076,3.02090655665732,0.00252019122178641,0.0181222910757465
fbpB,654.269022312805,1.74026635208192,0.531621311064393,3.27350750593053,0.00106221569452762,0.00948442828668261
fbpC,1743.72078175442,2.62806970456707,0.482533638864478,5.44639687867478,5.14003798661763e-08,2.45160292830066e-06
fdxA,28851.711186189,1.78484213001556,0.47474701186505,3.75956474797762,0.000170209223249299,0.00229052983286914
fdxC,6139.0747697682,2.35416264650859,0.494605798037116,4.75967458499533,1.93905335955344e-06,5.64081029109676e-05
fixA,1516.34956075902,1.9882612507837,0.489757882019571,4.05968198527992,4.91395964177883e-05,0.000781257381022051
fixB,306.521728371136,1.55538923010955,0.555756684427039,2.79868739988813,0.00513107853247358,0.0310335536281869
folE,501.6887904367,1.80697485601297,0.593573421663442,3.04423141276958,0.00233275624928986,0.0170676224219887
fprB,328.48269656193,-2.37731876930328,0.543147927815255,-4.37692688779234,1.20364326331357e-05,0.000251962656453642
ftsK,1384.25394082524,1.91031491303332,0.479769677906102,3.98173332122751,6.84145163485934e-05,0.001031143590406
ftsW,782.013470803664,1.74066621592973,0.505601634921797,3.44276223750534,0.0005758053059389,0.00591181033454435
ftsZ,1394.52817636312,2.20492512183923,0.537810375152452,4.09981886499346,4.13473626571296e-05,0.00069243049996473
fxsA,262.61087633216,-2.37698959661321,0.570495627670369,-4.16653429285637,3.09265388085791e-05,0.000542005573166168
gap,1018.41027953547,1.91301314597007,0.533046186267418,3.58883187846382,0.000332162951596589,0.00391121875504983
glfT1,594.866277028905,1.9691488008976,0.541717092837011,3.63501323280206,0.000277966367605562,0.00345669067042164
glfT2,1463.15529620686,1.43491816656215,0.477145089693517,3.00729945158576,0.00263579977293573,0.0188100256523141
glnA1,3589.64598424096,1.82322191142458,0.499441442930265,3.65052187244931,0.000261708020773513,0.00332025529385386
glpD2,1391.49253861537,1.69286145217092,0.487896197750326,3.46971642733976,0.000521008120742715,0.00551449044651278
glpX,304.939033975255,1.75477048985319,0.603999209640485,2.9052529570323,0.00366956401096754,0.0240887059117173
gltA2,3396.98250227721,2.62249447329086,0.477955651646964,5.4868991804033,4.09050434318575e-08,2.08284058988161e-06
gltD,1404.49681994525,1.39860492739804,0.486175437093777,2.87674946261892,0.00401794465122631,0.0257476453160217
gmdA,1040.71794832242,1.44499842015577,0.513739812006828,2.81270477074992,0.00491267328729344,0.0300991104821491
gmk,451.687063063799,1.67397614998914,0.53028343606657,3.1567573794234,0.00159534025784843,0.0126819453408711
grpE,4333.53166257115,-2.20741162852264,0.462106338999367,-4.77684775608685,1.78064482801649e-06,5.28304701729616e-05
hadA,1056.09264074877,1.74678762306035,0.575377290475824,3.03589949060345,0.00239819293030075,0.0174785124978206
hadB,220.528583490776,1.73711402894786,0.592340943645736,2.93262528545854,0.00336109281515813,0.0224549605097799
hadC,930.205750689266,2.71214054861516,0.533716388727077,5.08161376697401,3.74241763353902e-07,1.43892139216072e-05
hemA,1599.02470746594,1.59118330680258,0.478155208467216,3.32775483488575,0.000875488758042481,0.0081857112662632
hemB,881.04726582468,1.60234459737395,0.492713692830292,3.25208050981822,0.00114563566183188,0.00991534186452949
hemD,1104.63796160793,1.61866176408161,0.488406336206303,3.31417028012898,0.000919155132864555,0.00850062675587069
hflX,1067.4882871842,1.29043265150514,0.489499930335236,2.63622642524461,0.00838337701302069,0.0443798889724085
higA,149.787422079337,-2.76574753310467,0.664664942025653,-4.16111541053406,3.1669697851623e-05,0.000547391841765667
higB,854.284788956195,-3.35468129576099,0.574641096684647,-5.83787222166253,5.28716797559713e-09,3.320341488675e-07
hisB,502.798318534667,1.53872264236432,0.521370243025589,2.95130507148794,0.00316434207638497,0.0216392757601063
hisS,942.432643355468,1.48667678887474,0.509620919756517,2.91722088171937,0.00353165578069352,0.0233561941323519
hns,648.935983768012,1.83779937282721,0.507712072075278,3.61976693860201,0.000294868482065917,0.00360038971549561
hsp,1637.05260730769,-2.06830330034203,0.542050534581453,-3.81570198420537,0.000135796320807191,0.00190215812937359
hspX,128308.551037773,2.13021974550519,0.593237784335914,3.59083625782505,0.000329618675762159,0.00389342686605585
hupB,2761.22733588995,2.5865031090173,0.485801497647963,5.32419747888799,1.01399701601892e-07,4.3417508594992e-06
hycE,381.521513798409,1.59251700064527,0.543771844369026,2.92864924349507,0.00340438353890827,0.0226638112625554
hycQ,430.75255818276,1.84766796359135,0.531959361763916,3.47332540114473,0.000514051702912597,0.00545618821570328
icd1,2054.16197491676,2.18510252464998,0.494847582730085,4.41570819159047,1.0067982672971e-05,0.000220559062277645
ilvA,859.530749319492,1.65023765587538,0.520215177373479,3.17222128006201,0.00151277692290327,0.0122847919084041
iniA,2008.34337924767,1.85958284650478,0.572339111190883,3.24909273216624,0.00115773729777147,0.00998250374829041
iniB,3312.25032703326,1.52374001326139,0.485309903205598,3.13972577768698,0.00169106048687382,0.0131379709578156
ispF,307.608104266824,-1.45041332327157,0.546022904655781,-2.65632322546236,0.00789978561913344,0.0424022681095368
kasA,3899.30815730288,1.97580698140587,0.479798819029202,4.11799050569488,3.82190437726847e-05,0.000648690797006649
kasB,3515.41686857662,2.40773897528641,0.565659145450917,4.2565191328553,2.07634275465745e-05,0.000397661191087183
lat,36041.1939125829,-3.80826951163785,0.462592595241071,-8.23244805648747,1.83425695087074e-16,7.67942243431219e-14
leuD,1444.8444414145,1.68110151670158,0.599255972664089,2.80531457905704,0.00502674936838212,0.0304514334727714
lexA,2486.18055859384,2.23192916260667,0.470626212398423,4.74246674708624,2.11131493072141e-06,6.02684443860476e-05
lgt,1704.99450282153,2.8160178109663,0.516440694495865,5.45274189462398,4.95990346839063e-08,2.3960149062687e-06
lipC,2264.45528817085,2.05397156486487,0.470435311394821,4.36610840027065,1.26479728633815e-05,0.0002604238346952
lipD,1149.07533685531,1.8140106131804,0.498682181080087,3.63760864535297,0.0002751811271275,0.00343338571859742
lipV,66.7922463246508,-2.27924071817978,0.853503839411844,-2.67045162884143,0.00757492848167917,0.0413058328783894
lipX,1522.95349942585,-3.02584868789813,0.600580325098265,-5.0382081487652,4.69910261274074e-07,1.73590378870658e-05
lipY,141.002949354155,-1.78266630866381,0.652241326661908,-2.73313915539096,0.00627338215646679,0.0359375673489442
lpdA,2807.90393586648,3.45414428592079,0.471907670557478,7.31953409835511,2.48833347742342e-13,4.26183661042339e-11
lpdC,1666.12265406944,2.27471629208399,0.552781141157196,4.11503961101511,3.87112930668446e-05,0.000654099337559957
lppD,1282.6110537023,1.48201848661647,0.489050463944422,3.03039991959785,0.00244230113371158,0.0176633218269198
lppE,404.116663449854,2.70043342166255,0.60333893099132,4.47581497389135,7.61203865392464e-06,0.000177050380543136
lppO,761.17776143647,2.85416956241335,0.519231245880984,5.49691411111181,3.86494822195683e-08,1.99494861648402e-06
lppW,836.977961766772,2.11412409628217,0.49721606232631,4.25192236628656,2.11943336903841e-05,0.000398257699605721
lppX,642.478907361602,2.81530068596817,0.568404593487545,4.95298721759866,7.30827772366461e-07,2.4808640056548e-05
lpqT,290.227846189796,2.15744133093821,0.580741186405406,3.71497903272894,0.000203220544486658,0.00265880212370044
lprG,2632.05335215781,1.75811052793276,0.493667841413181,3.56132277707207,0.000368991131837492,0.00421831333345489
lprK,2633.91630838224,4.69040313054142,0.525771927988039,8.92098432963146,4.62162002858315e-19,2.90237737795022e-16
lprN,655.130153241056,2.50390678857948,0.58852957478949,4.25451310492782,2.09504390192998e-05,0.000397765819895457
lprO,1452.78021175855,1.60437063042566,0.490737298165521,3.26930648316958,0.00107811455135514,0.00958098025826926
ltp3,438.225011643254,1.55586493459386,0.530326558604235,2.93378656857906,0.00334854381014493,0.0224108580401884
mapB,1674.66808784507,1.55562122514951,0.478407775815717,3.25166375587661,0.00114731662763664,0.00991534186452949
mazF2,1406.85893473618,1.98322454524584,0.479606002040154,4.13511202280533,3.54781528861565e-05,0.000607644000341081
mazF5,586.909117820686,1.38480087556327,0.521169076356175,2.65710484061199,0.00788149283708838,0.0424022681095368
mce1A,2268.91155837578,3.11939251016704,0.525398597112562,5.93719230943956,2.89944499198295e-09,2.02316828329477e-07
mce1B,3195.12214930189,4.12815851177058,0.584293558818508,7.06521310985881,1.60369684610359e-12,2.15811775575655e-10
mce1C,2643.91690263008,4.00869442238245,0.551528686208805,7.26833349311007,3.63949391443658e-13,5.71400544566543e-11
mce1D,4816.96693918455,4.96558788221485,0.513778747221649,9.6648370705623,4.25296118111644e-22,4.00628943261168e-19
mce1F,8761.62441687287,5.04786463277703,0.533232995102054,9.46652716381689,2.89302244246388e-21,2.18018171264078e-18
mce2R,1183.58873585883,-2.6260705043006,0.488344158656288,-5.377499572282,7.55273925368175e-08,3.38794303665153e-06
mce4A,554.501124452792,1.68087962265051,0.566746070837012,2.96584256890932,0.00301854962959206,0.0209850461334001
mce4C,259.425284899939,1.79837925691074,0.588533970675041,3.05569320807094,0.00224540881348875,0.0164925933903033
mce4D,654.207153951864,1.80495385828489,0.572743370505443,3.15141815904744,0.00162479689846073,0.0128488233402192
mce4F,322.013457390895,1.456367406331,0.551095348271093,2.64267773426131,0.00822532823748773,0.0437742693464906
mctB,553.553887903145,2.43743575053444,0.548846792331394,4.44101301964559,8.95363768255749e-06,0.000200817302308789
merT,143.925399218129,-1.84262016582999,0.635306745000768,-2.900362982653,0.00372730754246988,0.0243828035069905
metU,79.4262951371591,-2.10577796767331,0.750446298037189,-2.80603418683126,0.00501553707578646,0.0304514334727714
mihF,1556.92351745167,1.9420284998946,0.483719775147636,4.01478004347015,5.95012581743038e-05,0.00091885549508515
mmaA4,2679.12270014101,1.83672550378425,0.501500104335751,3.66246285475262,0.00024980198370588,0.00319069110035171
mmpL10,2578.31617857816,2.60355849985135,0.518386527008477,5.02242701961422,5.10225872076029e-07,1.83098198664998e-05
mmpL12,1089.2688664395,-1.558336576679,0.486181081877532,-3.20525959311501,0.00134940718891891,0.0113466682048844
mmpL4,3147.41983844848,2.78051690673325,0.563913084255193,4.9307543739754,8.19126765107492e-07,2.75577647404021e-05
mmpL5,4943.90520588573,-1.67017503559592,0.509613803985751,-3.27733476317415,0.00104792045642808,0.00940134352338331
mmpL7,3060.45578704116,1.99727684409709,0.500019753694842,3.99439588003959,6.48594156667171e-05,0.000985444670291089
mmpL8,1893.84803777143,1.56067939736544,0.545349842392026,2.86179489943548,0.00421249410265806,0.0267280026451667
mmpS4,1302.52292960518,2.24396395248273,0.55175514259936,4.06695611736621,4.76312080557511e-05,0.000766984581000299
mmpS5,1390.94958054123,-1.75806799608971,0.493154749165131,-3.56494183431462,0.000363936889502772,0.00419362140564662
moaA1,591.918270799508,2.07676657969139,0.63818248958691,3.25418922264015,0.00113716507154911,0.00987289859354155
moaC3,669.079173882642,2.29679173086281,0.539100692382612,4.26041324620062,2.0404927459804e-05,0.000394285982915597
moaD2,682.297811037579,1.70222655223401,0.503883370899773,3.37821537788474,0.000729579142149477,0.0071219020922778
moaX,646.532052386655,2.36413821445763,0.561134814064355,4.21313765462873,2.51847467800729e-05,0.000460660805181139
modA,604.558370585482,1.43429940518093,0.541153845926927,2.65044666313729,0.00803854186113877,0.0429634407557034
modC,575.331845761018,1.67450914286218,0.511532739337478,3.27351313824205,0.00106219452529278,0.00948442828668261
moeB1,3771.33841471503,-1.70598328441718,0.480280313694603,-3.55205748762372,0.000382231341002872,0.00432506814684331
moeB2,579.327799261821,1.46166344969341,0.566323749551188,2.58096795490526,0.00985237266994024,0.0497637268369099
mpt64,2102.00004091327,1.50052844520445,0.501660437566555,2.9911237419542,0.00277952835875221,0.0196496488851376
mrp,1288.77312401124,1.39564793707285,0.481558279020609,2.89819113879906,0.00375321777977788,0.0244475306082856
mrr,137.546998168013,-1.89652993082106,0.665138263719425,-2.85133187228733,0.00435365032206202,0.0273865683030546
mscR,463.19418178953,1.48235015853826,0.53331753501908,2.779488880832,0.0054444517435525,0.032408679572995
murC,460.962380669339,1.45056569519586,0.52348740916029,2.77096577646951,0.00558903008050627,0.033112366892056
mycP5,1793.29378475301,1.51308675285878,0.502941003426393,3.00847761974179,0.00262560139693111,0.0187728008797655
nadB,1265.7719087087,1.30054014807375,0.500595510053967,2.59798604253071,0.00937723054677148,0.0481240899960247
nadC,1967.16011067357,2.14369863348343,0.47863881152148,4.47873967150536,7.50850352377508e-06,0.000175726964457047
narI,320.470127438423,1.90940503573901,0.586061280414474,3.25802966268073,0.00112188678821865,0.00985748967537022
narK2,3063.74457248976,2.29879588480141,0.475718229513207,4.83226360098439,1.34989356048234e-06,4.16917945565365e-05
narU,115.267365474208,-2.17831195532476,0.766342295215115,-2.84247909703757,0.00447641664133645,0.0280651213054172
narX,8810.60369865982,2.02163452499865,0.459953675121646,4.39530029728317,1.10619721359467e-05,0.000238180062904269
ncRv0020B,57.919163801821,-2.53816739510183,0.917262123677993,-2.76711239849783,0.00565552526133745,0.0333347611636945
ncRv0169c,90.7996736815978,-2.0226563481133,0.719471726894224,-2.81130761989021,0.00493405872329517,0.0301795019963892
ncRv0180,78.6154325415767,-2.71193441094101,0.76396724347717,-3.54980456831857,0.000385517231329055,0.004342340037933
ncRv0248,384.879780369073,1.91426913284518,0.54613021999473,3.50515145062592,0.000456347604401159,0.0049985981784406
ncRv0404c,419.774677310204,1.62418284294014,0.610358891978681,2.66102921459014,0.00779021975309869,0.0419950971650379
ncRv0787Bc,158.094414921432,1.79291847470024,0.647216747255495,2.77019790093977,0.00560222424434319,0.0331384316368683
ncRv0932,600.978249537626,1.71336457481747,0.515610695688341,3.32298105750139,0.000890609620108078,0.00830647784298821
ncRv10071,110.405779656543,1.85821637006039,0.710716823227068,2.61456646210091,0.0089340776806707,0.0466254912753008
ncRv1047c,250.287845742391,1.77851650941886,0.622740471608076,2.85595138023754,0.00429080834923096,0.0270363977590339
ncRv11144c,3978.68697631942,1.25224972448496,0.473291363273938,2.64583261317652,0.00814901290897446,0.0434921822110705
ncRv11510c,346.097783932203,1.4532932031725,0.55130010923643,2.63611992601519,0.00838600874425553,0.0443798889724085
ncRv11534,3336.55838752154,1.98987669789437,0.473237125788718,4.20481950687607,2.61290588109673e-05,0.000473337949998677
ncRv1162c,131.452895808376,-4.80191734541637,0.78780026781273,-6.09534870906879,1.09199146219812e-09,8.71469709341856e-08
ncRv11803,96.1334732284641,-2.21664650428749,0.734764400937946,-3.01681260205023,0.0025544767865084,0.018333844822026
ncRv11875c,513.260142902875,2.08836288834043,0.584903795464058,3.57043825760019,0.000356384453755954,0.00411919209126514
ncRv12104,233.744147034027,-3.32442925282136,0.59708509692728,-5.56776457816406,2.5802811163828e-08,1.473105946444e-06
ncRv12355c,836.591721408736,1.51743722360698,0.527764975265885,2.87521395833913,0.00403753795942068,0.0258292750952413
ncRv12562,177.063074147774,1.66633523216714,0.627628037691913,2.65497258263836,0.00793148547507025,0.0425118595591248
ncRv12929,8511.06581813283,1.68151366052294,0.472617617313742,3.55787342435585,0.000373869383977923,0.00424319228562896
ncRv13219,154.351684164665,-2.31352169401893,0.634808197584267,-3.64444205796794,0.000267972495335441,0.00335455269908286
ncRv13871,480.076573063543,2.3183504882297,0.528347726597337,4.3879255488811,1.14436932970589e-05,0.000242246271591673
ncRv1501c,350.659862894812,1.53934980465584,0.59168261234994,2.60164786411776,0.00927770605388535,0.047953524766061
ncRv1534c,53.1251869665414,-2.40274211183877,0.869598265779551,-2.76304841717322,0.00572642712958772,0.0334529882547078
ncRv1760c,82.0930527094903,-10.567977656262,1.6337906646865,-6.46837926344123,9.90596190403749e-11,9.82254327747717e-09
ncRv1948,131.676755196872,1.85668021118316,0.719936805903573,2.57894886878702,0.00991014541790615,0.0499216950998267
ncRv1954,3094.46082648491,-2.86456718042104,0.566269357431204,-5.05866535568112,4.22201046536926e-07,1.60692277106175e-05
ncRv2080Bc,85.8799190832047,2.37144235486894,0.807432583911426,2.93701592197459,0.00331387089181571,0.0223613511567995
ncRv2151,78.1374324689776,-2.30527757241554,0.805556674493761,-2.86171990799313,0.00421349086285272,0.0267280026451667
ncRv2180,87.719414646411,2.08890801504418,0.77776130037815,2.68579577568149,0.00723573004945024,0.0400355812427731
ncRv2659,504.223589024925,-1.73252480358066,0.513414541039637,-3.37451448116836,0.000739460252991498,0.00719970602912652
ncRv3138c,575.08104921418,2.22761717247779,0.519602291581984,4.28715809873658,1.809734952686e-05,0.000357019963440883
ncRv3205,83.6258400015353,-2.37089486087713,0.742596266678842,-3.19271045016242,0.00140944198332717,0.0116977475620634
ncRv3273c,101.751075093802,-1.98531688260955,0.705806609930271,-2.8128340747697,0.00491069834513036,0.0300991104821491
ncRv3372c,119.315271165449,2.04394097507834,0.696246245247686,2.93565816552623,0.00332840881404812,0.0223613511567995
ncRv3682c,62.9905019105152,-2.36814495244578,0.838908506669374,-2.82288823348301,0.0047593159933385,0.029350413523567
ndh,3171.63900586935,1.53772502875447,0.467988110275342,3.28582071850018,0.00101685708104762,0.00921037856102745
nirD,338.296361118263,1.47321258904781,0.547541003275443,2.69059774562072,0.00713241374141217,0.0396970974558952
nmtR,846.876935792381,1.62943589624777,0.503223906776258,3.23799381211086,0.00120373420336102,0.0103059046755632
nrdB,1448.01359965481,-1.36133151931491,0.480924736128016,-2.83065398189986,0.00464529451012661,0.0289313548994332
nrdF1,1615.79839284149,1.97902224310818,0.519181249599313,3.81181378301995,0.000137950790242463,0.00192517991716148
nuoB,351.967649555952,2.13457291575564,0.59392094848227,3.59403540355061,0.000325595565832301,0.00385800028948463
nuoC,300.308049982165,1.69408447532253,0.608180810548534,2.78549478368874,0.00534460999117135,0.0319658578519582
nuoD,1372.73457165418,2.96486827373703,0.55005751135409,5.39010596626223,7.04161500506414e-08,3.23570796818069e-06
nuoE,194.950024483863,1.8838772215216,0.620499891330698,3.03606374125468,0.00239688687667291,0.0174785124978206
nuoF,555.576454899135,1.82085307650896,0.530978410402682,3.42924126637855,0.000605271219285423,0.00613081170502009
nuoG,928.971488840804,2.49802188263495,0.526970538281827,4.74034448069845,2.13355163361839e-06,6.04452823719858e-05
nuoH,1571.22127089926,3.17893493286292,0.621882316384963,5.11179502794394,3.19111967733931e-07,1.26569883623311e-05
nuoI,884.16338759699,4.12503706693155,0.56459097040851,7.30623988539327,2.74721538966223e-13,4.500655473151e-11
nuoJ,391.454878433941,2.16373863070002,0.57300444558491,3.77612887189962,0.000159284601251346,0.00215893660976645
nuoK,126.969957598998,4.89839777556607,0.91384918316708,5.36018181751823,8.31382354486335e-08,3.68546907259354e-06
nuoL,1314.65030997613,2.28064823683493,0.523584108292746,4.35583930205876,1.32558003610313e-05,0.000271455737828076
nuoM,946.913989041357,2.37055920333051,0.537993345520148,4.40629837352092,1.05152095133425e-05,0.000227708674978588
nuoN,941.99154222404,1.91180430278236,0.494910277960367,3.86293109664508,0.000112034616063721,0.0015990395201822
oppC,153.385425761243,1.86821359955389,0.691529426361205,2.7015677545124,0.00690134174226679,0.0388123219177034
otsB1,3150.28157065634,1.96876775046328,0.480114418957747,4.10062200326573,4.12041132179223e-05,0.00069243049996473
pafA,1782.35299704197,1.47433400149293,0.481993888549368,3.05882301937512,0.00222208379678881,0.0163851501884545
papA1,871.221465453404,3.02133560301204,0.605195648449836,4.99232869692796,5.96556171613898e-07,2.04347604967379e-05
papA3,1452.40528691695,3.20615206587253,0.500038140158594,6.41181503646033,1.43797237702763e-10,1.29006664681907e-08
papA5,1533.66514629949,2.85300850616378,0.509829048663544,5.59601010111645,2.19340927635197e-08,1.27150248512219e-06
parB,521.810924704259,2.30169815103391,0.55647866448484,4.13618400476271,3.53129066071497e-05,0.000607575489021643
pbpA,1293.00192645214,1.91603726042118,0.481474739933693,3.97951772233171,6.90552124336571e-05,0.00103665354760964
pbpB,662.609886206337,1.40704290826289,0.509044990741133,2.76408359546831,0.00570829130275827,0.033417367138531
pcaA,2884.10724673941,1.37840276971187,0.478441367822576,2.88102756662764,0.00396380970859122,0.0254874317098494
pcd,595.426039883192,-2.36517502317225,0.505797903007291,-4.67612658951288,2.92344183068783e-06,7.86823487002266e-05
pckA,14143.0937804958,1.53114026876563,0.504583495499277,3.0344636366883,0.00240963802015928,0.0175280232817764
pgk,1250.24259733295,3.08223749686977,0.55999358539853,5.50405857716432,3.71146140532216e-08,1.98387599601671e-06
pgsA2,237.486779929977,1.99859331661574,0.643608408557656,3.10529398006878,0.00190089991525842,0.014587761467808
phoH1,3104.59234603016,1.78051631727618,0.51844364671377,3.43434880254054,0.000593979335831321,0.00604466477622798
phoH2,2554.66926165883,1.57331028271304,0.469822166972262,3.34873574155119,0.00081181185000073,0.00772451275455241
phoT,587.069229139231,1.46920170703504,0.5440850547292,2.70031623597212,0.00692735947028596,0.0388426941726748
phoY1,826.615075864153,1.83108669481679,0.52885925520371,3.46233270345525,0.000535514723425825,0.00562066706927162
phoY2,3123.65365306851,1.22459484274743,0.466469746676744,2.62523958192738,0.00865880167497825,0.0455675484794945
pimA,379.933259015182,1.89425249164232,0.542324465440123,3.49283982625612,0.000477913077746166,0.00515981798552307
pirG,802.551408681411,2.69400462151258,0.512196994858399,5.25970407588462,1.44287416294926e-07,5.97445038021187e-06
pitA,1284.55828797798,1.99141077193795,0.504671657649671,3.94595325842597,7.94831193813745e-05,0.00116989216339461
pknA,637.75293575798,1.45008145230621,0.512561703535083,2.82908661007086,0.00466810640078329,0.0290254536603159
pknB,1477.54319896646,2.29304243725542,0.498424579895084,4.60058056875545,4.21315019110407e-06,0.000107264526487028
pknD,5103.03450365824,1.74310040378294,0.483142944540715,3.60783578334145,0.000308761805330026,0.0037169791772637
pks13,6405.81798665123,1.22977843496416,0.466923008027586,2.63379275345434,0.00844370093654507,0.0446225317375902
pks15,2013.83978232577,3.00521808064728,0.601053539062013,4.99991745383804,5.73548640396347e-07,2.02462668821856e-05
plcB,1114.80116556468,2.70818971634595,0.499016038778506,5.42705946481212,5.72900457167371e-08,2.66504805260081e-06
plcC,500.413684969692,1.49893563207841,0.557691357548622,2.68775122976104,0.00719349664756205,0.039978016766982
pmmB,196.854139813735,-1.88575697690219,0.594399227896659,-3.17254277663706,0.00151110296351733,0.0122847919084041
pntB,790.435266478869,1.85013967581992,0.49752096793298,3.71871698896749,0.00020023724224778,0.0026288987065841
ppiA,1704.60005557917,1.65249769208757,0.486834222335335,3.39437454532381,0.000687855473933045,0.00678491996277412
ppsA,5461.92225718632,1.44115043164633,0.463908413259059,3.10654083964964,0.00189290159891223,0.0145560269891863
ppsB,2618.19908801585,2.31889058365782,0.49113710668872,4.72147299008201,2.34142728600419e-06,6.47046278565869e-05
ppsC,4076.85270364613,2.67975546154368,0.476926891190139,5.61879715957415,1.92291445315702e-08,1.1321158842962e-06
ppsD,3237.30931231848,2.3812016419766,0.497161124961623,4.78959742107835,1.67116249219495e-06,5.03755221647247e-05
proA,633.662378540556,1.58675798639527,0.505946434074848,3.13621735331873,0.00171142314479701,0.0132688115423768
prsA,694.197303707327,1.49846954821031,0.532002035206927,2.81666130774757,0.00485256682971759,0.0298765879319867
pstB,597.182940621894,1.39945475606435,0.52098706528628,2.68616027020815,0.00722784095586182,0.0400355812427731
pstP,772.642033655036,1.45330649519841,0.505020056171881,2.87772035474129,0.00400560048061984,0.0257122702060912
pstS2,7592.96983296269,2.20429600828212,0.506550625499046,4.3515808634339,1.35159454741348e-05,0.000275286932683999
pyrG,2502.57226090266,2.63182533868614,0.516124500343145,5.09920636772014,3.41080530173879e-07,1.32493962648987e-05
pyrH,817.403866796764,1.85587537317429,0.496899596406296,3.73491020438828,0.000187782178009819,0.00248267805874034
qcrB,2715.14162234917,2.09792497740838,0.512613326369519,4.09260717482027,4.26549986372259e-05,0.000708035395881353
recA,4607.02913706323,3.17672824326337,0.585340935229289,5.42714177681592,5.72636414506765e-08,2.66504805260081e-06
rfbD,324.560043309411,1.84355847936085,0.566098703864071,3.25660254435686,0.00112754194535153,0.00985748967537022
rfbE,426.071641767044,1.74763579445023,0.594051853156547,2.94189099009458,0.0032621473899437,0.0221873129337687
ribG,293.046914516115,1.47727284055066,0.559105199402669,2.64220909075596,0.00823671894019687,0.0437742693464906
ripA,1076.06465558542,2.56029054634203,0.508946050432314,5.03057356308639,4.8901471248293e-07,1.771737919842e-05
rmlC,493.872957742611,2.34560845277185,0.53388207331114,4.39349543659401,1.11542531841736e-05,0.000238802420442989
rocA,505.520323298406,-1.52477450687038,0.512971637593553,-2.97243433189286,0.0029544840432965,0.0206157331021133
rocE,445.721587733818,-2.34863541252127,0.527068315101635,-4.45603604927073,8.34889989571153e-06,0.000189509968717115
rodA,820.396153225743,2.23184446008676,0.557878138097876,4.00059494658886,6.31834293357476e-05,0.000967785210313402
rpe,719.118456160425,2.52669328791451,0.528857513517543,4.77764468374277,1.77360426820888e-06,5.28304701729616e-05
rpfC,5630.62729107893,3.85261487514223,0.465099165800236,8.28342675806252,1.19680591735237e-16,5.63695587072964e-14
rpfD,251.658096388953,2.59529774380049,0.606711818428953,4.277644946032,1.88880968867102e-05,0.00036875828533225
rplO,812.389232279911,2.92033521193365,0.542312191167187,5.38497061194288,7.24564859154847e-08,3.28934986662104e-06
rplP,762.466105306798,3.00548788601364,0.571222814391779,5.26149833355973,1.4288618457366e-07,5.97445038021187e-06
rplQ,2185.15963567616,2.03214225733807,0.478975957450745,4.24268113195858,2.20865148672637e-05,0.000411990039702226
rpmC,110.462879736888,3.82522609303374,0.819112506169477,4.66996421642022,3.01252206317464e-06,7.99379093946623e-05
rpmD,104.098543586255,2.84859125180784,0.868303103882221,3.28064156291929,0.00103571274837244,0.00933628142551998
rpmG2,92.2754601457741,2.4909235630349,0.777274638429495,3.2046891019986,0.00135208440127205,0.0113466682048844
rpoB,33430.8201752259,-1.52595244454991,0.558676695127344,-2.73136942682402,0.00630717280850116,0.0359537475679764
rpsC,1148.79053133054,1.74238104241354,0.511621829044007,3.40560340372746,0.000660180072118349,0.00659829843963379
rpsQ,525.959371215834,3.15364467778529,0.555943389504929,5.67260037140405,1.40646064357406e-08,8.41197413490009e-07
rpsS,1183.44725410051,2.24203563640161,0.588633874978236,3.80887973272777,0.000139597832961824,0.00194097651143968
rsbW,930.548215596405,-3.87581945763315,0.503334406041205,-7.70028714730035,1.35760805630518e-14,3.65390511154136e-12
rubA,1371.36841716598,-1.71807992603848,0.479651171691826,-3.58193626417813,0.000341057010749141,0.00399100253572286
rubB,250.433762674558,-1.74210815125078,0.619905273062448,-2.81028122675007,0.00494982277966256,0.0301795019963892
ruvC,310.531453059363,1.88677904583543,0.572970666269557,3.29297668608358,0.000991326943896788,0.00902251189517656
sORF_121,308.932259997462,1.72913538731472,0.560949500170015,3.08251524743429,0.00205259214820629,0.0154952843750933
sORF_147,74.3920728550658,-2.07287189470336,0.788115450457909,-2.63016274265272,0.00853440021224909,0.044975692307349
sORF_148,2307.89317439661,2.20006276151333,0.579953309539838,3.79351703891294,0.000148528433877843,0.00203510959582441
sORF_149,82.0528300342164,-2.08145416141075,0.744192292142348,-2.79693055597062,0.00515906206565521,0.0311527978579949
sORF_200,11295.4585006266,1.49979655188353,0.471422852276117,3.18142522078053,0.00146552351540292,0.012017747124694
sORF_236,101.278681130501,-2.47979181314163,0.710868287673393,-3.48839842224185,0.000485923413921124,0.00521258927340386
sORF_238,305.855133239364,-2.70180075253446,0.567916245062902,-4.7573929712738,1.96109172914022e-06,5.64081029109676e-05
sORF_249,257.559160617351,-2.4163364848904,0.566176805171986,-4.26781256811888,1.97399073213026e-05,0.000383401911271486
sORF_261,127.931813105652,-11.2080208726217,1.59461785376455,-7.02865633051954,2.08531895321427e-12,2.61916060523712e-10
sORF_266,730.78873334517,1.46745641975727,0.537144643128269,2.7319576552248,0.00629592322395188,0.035943998042198
sORF_280,416.846091206539,2.13299399104348,0.58259521991105,3.66119377252896,0.000251042795006625,0.00319570693103029
sORF_89,118.720899773007,-1.80605408618705,0.666432884029663,-2.71003146673456,0.00672768251727107,0.0380629245121282
sORF_96,254.638809370503,1.8555684433123,0.5851230799974,3.17124466073112,0.00151787243889229,0.0122996631177336
sahH,21157.3321721966,-1.28660379053618,0.465034645592883,-2.76668373578029,0.00566296634613895,0.0333347611636945
secF,956.000772687586,1.46218971497518,0.504568192768982,2.89790307024892,0.00375666672563624,0.0244475306082856
secG,716.670518127614,1.85013210905522,0.549832351498371,3.36490223613316,0.000765707848607973,0.0073979158296278
secY,1486.79968628486,2.2877429023223,0.544903209414932,4.19843903062834,2.68761191371275e-05,0.00047768498541838
sigB,20636.1479780093,-1.89924625561348,0.471560372132599,-4.02757815934419,5.6354336488224e-05,0.000877450991271191
sigD,641.256604508327,2.18302506342129,0.55728065670084,3.91728124271354,8.95532488421594e-05,0.00129783323706637
sigE,10600.3557668401,-1.53116297160187,0.457755683136818,-3.34493492491325,0.000823018783410704,0.00781142260929858
sigF,950.05856388812,-3.33447545065235,0.518693959239508,-6.42859896718529,1.28785394208708e-10,1.18356918384979e-08
sucC,1226.20995759138,1.43508208271684,0.485537720368699,2.95565518911093,0.00312005687971507,0.0214532378152672
sucD,1153.891255111,2.84468011423838,0.513632791930369,5.53835377906327,3.05328011216821e-08,1.70937614817809e-06
sugB,190.129687843871,1.68526503294141,0.653358554212216,2.57938772221849,0.00989756275844697,0.0499216950998267
sugC,738.549152709627,1.73500169990132,0.535922168272784,3.23741356975963,0.00120618470327053,0.0103059046755632
tal,1106.54346316775,2.02004487978932,0.531676590933646,3.79938653353543,0.000145054704961355,0.00200207373001607
tam,102.219268189257,-1.93694037847644,0.707544305959438,-2.73755348203944,0.00618980545792925,0.0356079190312632
tatA,1364.4205075139,2.1903529981083,0.501211024459479,4.37012134852867,1.24177509333911e-05,0.000257088381961635
tatC,1128.93716566509,1.57639590824492,0.484051481127909,3.25666994050238,0.00112727428684233,0.00985748967537022
tesA,407.7721762952,1.84603942055343,0.598284008503223,3.08555701692884,0.00203171266124457,0.015372476521224
tesB1,570.338096798016,1.4307228123603,0.512341319704858,2.79251888796416,0.00522994141766716,0.0314799029740733
tesB2,738.009375719993,1.63754952013844,0.504733845925663,3.24438222908399,0.00117705680509054,0.0101259133369432
thrC,564.335530850599,1.73121415257023,0.523585026507707,3.30646230301383,0.000944820625341281,0.00866200514911423
tpi,507.553375159679,2.02474535651608,0.541890649068786,3.73644638451598,0.000186639221952698,0.00247625559266818
tpx,386.095582860881,1.61316933617344,0.540288967189653,2.98575287325308,0.00282881146569937,0.0199232927154303
treX,987.233835393952,1.65559409126566,0.526387317862425,3.14520132815655,0.00165972568892136,0.0129747850536425
trpA,669.648682155728,3.14323302676851,0.522643647771165,6.01410356783815,1.80884843216451e-09,1.36314817847918e-07
trpB,1425.01008413797,2.75228248980219,0.514211937026149,5.35242823361807,8.67817253160107e-08,3.80225047663637e-06
trpC,633.634407941502,2.40415580771702,0.533637906948656,4.50521931896479,6.6304426371021e-06,0.000157128980230193
trpS,1147.58068484432,2.42656755126391,0.532820369888236,4.55419441222359,5.25867068019196e-06,0.000132097807486422
truA,359.398190697516,1.48053341649484,0.541268926454853,2.73530096433189,0.00623232640793694,0.0357978748553451
trxB1,414.397511697687,-1.96437274422973,0.542730154290527,-3.6194280503865,0.00029525488908921,0.00360038971549561
trxB2,523.083075454587,-1.75949608669795,0.540682279859604,-3.2542144476324,0.00113706409539473,0.00987289859354155
umaA,3812.31400970674,1.37247961591938,0.531577464939893,2.58189954699185,0.0098258180487031,0.0497637268369099
upp,143.866523596877,-2.30237672844782,0.726338955066325,-3.16983787305967,0.00152524015353031,0.0123128512951133
uppS,377.941387203899,1.4405238266527,0.537603936524891,2.67952618793,0.00737264359973153,0.0405549212902021
usfY,4485.68889842867,-3.71750661255058,0.488768418283566,-7.60586501395804,2.8300455574477e-14,6.27271274144878e-12
uspA,63.5427336363161,-2.49607643930286,0.862682223171008,-2.89339037279324,0.00381107304460885,0.0247162189881001
valT,350.849922382239,1.47718268816508,0.54760357505444,2.69754025623049,0.00698538382610079,0.0391098458495509
vapB24,111.735243739051,2.27957170547272,0.717515626376421,3.17703422988145,0.00148789473601532,0.0121613608791881
vapB27,113.797491316355,2.17696738745195,0.731401642856652,2.97643218157033,0.00291623574046881,0.0204244912083392
vapB33,95.7952974379836,2.64811729392489,0.768494140888247,3.44585228829998,0.000569261430813538,0.00589279415193794
vapB36,500.508727372801,1.82789924493769,0.535378081287216,3.4142212930026,0.000639645993202304,0.00641006942124011
vapB41,139.630061410852,1.96097732894771,0.670873631472584,2.92302042732448,0.00346653773390643,0.0230368856814099
vapB44,105.373686335619,2.17544560951605,0.752541677392514,2.89079751310753,0.0038426561928284,0.0248782277226416
vapB47,638.363834247425,-2.88895031756955,0.504020193105154,-5.73181463181343,9.93618287255705e-09,6.03863501028951e-07
vapC12,153.513551393641,1.73358184929117,0.649008166246702,2.67112486321504,0.00755975199415723,0.0412828195854847
vapC27,346.54636307337,1.7892847372942,0.5486049880887,3.2615174417716,0.00110817614827657,0.00977894081195808
vapC44,251.139486462431,2.14334599751629,0.613327290005341,3.49462029889071,0.000474736611341151,0.00515981798552307
vapC47,962.665044767758,-3.59618309311388,0.51008827471131,-7.050119109578,1.78764702286029e-12,2.32270826970261e-10
whiB7,121.660657919969,-2.29128317805945,0.665469581171678,-3.44310730781298,0.000575071083346289,0.00591181033454435
xseB,168.203181413369,2.7426132276095,0.658487759067806,4.16501778482884,3.1132829461549e-05,0.000542110514515305
yrbE1A,744.316368955035,2.36226506190943,0.538284606695864,4.3885056948027,1.14132146704407e-05,0.000242246271591673
yrbE1B,388.669238317576,1.75201765010073,0.628857673396434,2.7860320772396,0.005335759133395,0.0319658578519582
yrbE2A,874.24456820403,-2.49076866808573,0.498846182154299,-4.99305949847945,5.94302390660389e-07,2.04347604967379e-05
yrbE3B,66.3664301844294,-2.15146723267883,0.83097379994225,-2.58909153673479,0.00962295107736981,0.049131815256815
zwf2,1204.30853671232,1.83112187000132,0.48394629164126,3.78372952046236,0.000154495718549859,0.00210158796929916
